565;Aalborg University;Denmark;5;367;439;218;596;660;287;401;44,59;2015;520;1201
421;Aalto University;Finland;4;367;224;218;336;403;645;246;45,10;2015;424;1202
122;Aarhus University;Denmark;2;310;165;106;91;81;101;154;49,65;2015;95;1203
814;Aberystwyth University;United Kingdom;59;367;567;218;842;552;511;607;44,22;2015;754;1204
735;?bo Akademi University;Finland;9;367;567;218;765;679;645;731;44,32;2015;646;1205
890;Adam Mickiewicz University in Pozna?;Poland;5;150;567;218;675;775;812;657;44,14;2015;932;1206
782;AGH University of Science and Technology;Poland;4;267;279;218;708;891;511;398;44,26;2015;896;1207
965;Ain Shams University;Egypt;2;367;567;218;875;832;511;871;44,06;2015;932;1208
206;Aix-Marseille University;France;9;218;451;218;119;87;182;230;47,31;2015;197;1209
433;Ajou University;South Korea;14;367;426;218;646;729;645;89;45,04;2015;671;1210
650;Albany Medical College;USA;189;171;567;218;893;771;645;720;44,43;2015;579;1211
155;Albert Ludwig University of Freiburg;Germany;6;148;134;193;156;104;182;98;48,57;2015;134;1212
997;Alexandria University;Egypt;4;236;566;218;997;908;645;871;44,03;2015;981;1213
851;All India Institute of Medical Sciences, New Delhi;India;13;367;567;218;887;886;645;839;44,18;2015;781;1214
682;American University of Beirut;Lebanon;1;114;247;218;915;892;812;871;44,38;2015;880;1215
958;Amirkabir University of Technology;Iran;8;367;567;218;725;962;645;871;44,07;2015;932;1216
725;Ankara University;Turkey;4;367;341;218;743;728;511;871;44,33;2015;699;1217
459;Aristotle University of Thessaloniki;Greece;2;367;567;218;340;683;511;756;44,92;2015;381;1218
97;Arizona State University;USA;55;367;455;66;143;85;76;21;51,13;2015;140;1219
720;Aston University;United Kingdom;56;367;355;218;827;895;645;306;44,33;2015;754;1220
549;Auburn University;USA;167;367;232;218;472;569;368;425;44,63;2015;606;1221
179;Australian National University;Australia;6;196;379;52;130;99;197;415;47,97;2015;188;1222
241;Autonomous University of Barcelona;Spain;3;367;567;218;144;220;264;277;46,72;2015;213;1223
304;Autonomous University of Madrid;Spain;5;367;460;218;225;256;321;443;45,92;2015;262;1224
987;Babe?-Bolyai University;Romania;2;367;567;218;874;855;812;871;44,04;2015;958;1225
679;Banaras Hindu University;India;10;243;260;218;754;904;511;871;44,39;2015;741;1226
568;Bangor University;United Kingdom;42;260;370;218;622;568;511;342;44,59;2015;529;1227
521;Bar-Ilan University;Israel;6;280;392;218;404;410;645;338;44,71;2015;495;1228
121;Baylor College of Medicine;USA;62;367;567;218;113;41;101;199;49,70;2015;44;1229
567;Baylor University;USA;172;367;293;218;682;681;321;630;44,59;2015;540;1230
705;Beihang University;China;40;367;383;218;460;865;645;307;44,35;2015;770;1231
749;Beijing Institute of Technology;China;42;367;567;218;528;969;511;569;44,30;2015;699;1232
396;Beijing Normal University;China;15;57;567;218;363;492;428;755;45,17;2015;480;1233
642;Beijing University of Chemical Technology;China;36;367;536;218;558;984;812;214;44,44;2015;715;1234
977;Beijing University of Technology;China;77;367;567;218;780;950;812;512;44,05;2015;969;1235
349;Ben-Gurion University of the Negev;Israel;5;367;567;218;277;379;428;118;45,49;2015;381;1236
464;Bielefeld University;Germany;36;367;567;218;480;375;511;774;44,91;2015;369;1237
842;Bilkent University;Turkey;8;367;475;218;781;789;812;871;44,19;2015;796;1238
647;Binghamton University;USA;188;367;263;218;710;593;812;853;44,43;2015;671;1239
698;Birkbeck, University of London;United Kingdom;54;300;567;218;724;339;428;871;44,37;2015;622;1240
769;Blaise Pascal University;France;36;367;567;192;735;701;645;619;44,28;2015;699;1241
837;Bo?azi?i University;Turkey;7;367;519;218;843;766;511;824;44,19;2015;781;1242
326;Boston College;USA;120;367;97;218;557;363;197;386;45,65;2015;402;1243
66;Boston University;USA;41;303;54;83;60;45;37;135;53,43;2015;34;1244
809;Bowling Green State University;USA;213;367;373;218;910;705;645;824;44,23;2015;781;1245
274;Brandeis University;USA;107;51;342;78;549;195;428;249;46,29;2015;330;1246
636;Braunschweig University of Technology;Germany;46;226;567;218;551;383;645;343;44,44;2015;622;1247
403;Brigham Young University;USA;137;298;361;218;498;424;287;134;45,15;2015;424;1248
861;Brock University;Canada;28;367;567;218;877;727;511;638;44,17;2015;809;1249
83;Brown University;USA;50;64;43;73;121;67;76;200;52,01;2015;99;1250
472;Brunel University;United Kingdom;37;367;236;218;497;676;511;667;44,86;2015;437;1251
819;Budapest University of Technology and Economics;Hungary;5;256;567;218;740;761;645;529;44,21;2015;781;1252
796;Cairo University;Egypt;1;285;469;180;697;730;511;871;44,25;2015;781;1253
12;California Institute of Technology;USA;10;6;328;7;53;9;19;13;84,40;2015;25;1254
788;Capital Medical University;China;46;367;567;218;525;754;511;871;44,26;2015;741;1255
201;Cardiff University;United Kingdom;16;321;218;143;178;153;146;193;47,46;2015;170;1256
593;Carleton University;Canada;23;367;538;218;479;739;264;871;44,53;2015;549;1257
927;Carlos III University of Madrid;Spain;35;367;567;218;643;958;812;383;44,10;2015;946;1258
61;Carnegie Mellon University;USA;39;25;160;23;211;225;78;165;54,00;2015;150;1259
105;Case Western Reserve University;USA;57;50;215;195;137;106;59;111;50,28;2015;74;1260
511;Catholic University of Korea;South Korea;18;367;567;218;576;792;645;139;44,74;2015;590;1261
387;Catholic University of the Sacred Heart;Italy;18;367;555;218;424;482;321;770;45,22;2015;324;1262
572;Central China Normal University;China;31;367;567;218;631;855;511;778;44,58;2015;480;1263
438;Central South University;China;22;367;131;218;366;783;511;444;45,02;2015;558;1264
402;Chalmers University of Technology;Sweden;9;361;311;218;367;426;428;871;45,16;2015;349;1265
563;Chang Gung University;Taiwan;7;367;567;218;344;598;812;824;44,60;2015;520;1266
942;Charles Darwin University;Australia;27;367;567;218;931;742;645;871;44,09;2015;896;1267
270;Charles University in Prague;Czech Republic;1;238;560;116;228;238;182;636;46,32;2015;227;1268
818;Chiang Mai University;Thailand;3;367;550;218;847;753;511;871;44,21;2015;754;1269
418;Chiba University;Japan;16;367;567;218;361;343;368;267;45,11;2015;362;1270
627;China Agricultural University;China;34;367;534;218;407;362;645;572;44,47;2015;590;1271
982;China Medical University (PRC);China;78;367;567;218;804;749;645;871;44,04;2015;958;1272
708;China Medical University (Taiwan);Taiwan;9;367;567;218;428;686;812;871;44,35;2015;671;1273
1000;China Pharmaceutical University;China;83;367;567;218;861;991;812;547;44,02;2015;981;1274
904;China University of Geosciences (Wuhan);China;63;367;558;218;928;639;428;752;44,13;2015;867;1275
220;Chinese University of Hong Kong;Hong Kong;2;100;479;116;162;356;212;168;47,05;2015;209;1276
422;Chonbuk National University;South Korea;13;367;567;218;507;774;812;83;45,09;2015;646;1277
774;Chongqing University;China;43;367;283;218;630;892;645;809;44,27;2015;837;1278
384;Chonnam National University;South Korea;10;367;547;218;405;589;511;109;45,27;2015;437;1279
878;Chosun University;South Korea;32;367;567;218;942;984;812;209;44,15;2015;991;1280
311;Chulalongkorn University;Thailand;1;367;57;218;584;734;511;871;45,86;2015;558;1281
967;Chung Shan Medical University;Taiwan;18;367;567;218;727;973;645;871;44,06;2015;946;1282
875;Chung Yuan Christian University;Taiwan;14;249;320;218;779;962;812;871;44,16;2015;921;1283
756;Chung-Ang University;South Korea;24;367;461;218;637;781;511;218;44,29;2015;886;1284
806;Chungbuk National University;South Korea;26;367;567;218;745;859;812;319;44,23;2015;809;1285
628;Chungnam National University;South Korea;23;367;567;218;470;563;645;290;44,47;2015;622;1286
289;City College of New York;USA;111;31;187;218;680;422;511;358;46,12;2015;590;1287
545;City University London;United Kingdom;41;367;122;218;785;861;812;601;44,64;2015;880;1288
373;City University of Hong Kong;Hong Kong;5;367;567;218;252;874;511;387;45,33;2015;339;1289
835;Clarkson University;USA;218;367;390;218;981;974;812;685;44,19;2015;809;1290
207;Claude Bernard University Lyon 1;France;10;367;567;218;132;121;234;151;47,31;2015;184;1291
483;Clemson University;USA;155;367;535;218;433;497;645;510;44,83;2015;396;1292
360;College of William and Mary;USA;127;367;85;218;611;459;321;809;45,42;2015;511;1293
365;Colorado School of Mines;USA;130;367;81;218;668;601;321;690;45,39;2015;565;1294
271;Colorado State University - Fort Collins;USA;104;211;493;148;244;203;234;257;46,32;2015;231;1295
6;Columbia University;USA;4;13;6;9;13;13;11;4;96,14;2015;12;1296
685;Comenius University in Bratislava;Slovak Republic;1;367;567;218;707;624;645;871;44,38;2015;590;1297
228;Complutense University of Madrid;Spain;2;86;68;214;215;309;368;256;46,96;2015;335;1298
417;Concordia University;Canada;19;367;99;218;545;745;645;718;45,12;2015;590;1299
10;Cornell University;USA;8;12;18;14;24;15;25;11;86,79;2015;22;1300
594;Cranfield University;United Kingdom;44;367;176;218;763;762;812;549;44,52;2015;770;1301
508;Creighton University;USA;159;367;567;218;824;724;368;615;44,75;2015;402;1302
595;Curtin University;Australia;15;367;559;218;425;384;511;518;44,52;2015;549;1303
716;Czech Technical University in Prague;Czech Republic;3;347;567;218;673;816;428;582;44,34;2015;646;1304
286;Dalhousie University;Canada;14;367;137;218;280;247;264;384;46,17;2015;273;1305
305;Dalian University of Technology;China;9;367;104;218;313;667;511;131;45,92;2015;409;1306
834;Dankook University;South Korea;29;367;567;218;888;948;645;241;44,20;2015;896;1307
374;Darmstadt University of Technology;Germany;34;66;344;218;376;457;368;330;45,32;2015;413;1308
44;Dartmouth College;USA;28;40;19;218;246;167;136;63;56,35;2015;154;1309
579;Deakin University;Australia;14;367;424;218;502;647;321;636;44,56;2015;529;1310
255;Delft University of Technology;Netherlands;9;307;300;218;224;224;264;146;46,46;2015;247;1311
954;Dokuz Eyl?l University;Turkey;10;367;567;218;931;957;812;871;44,07;2015;906;1312
560;Dongguk University;South Korea;19;367;305;218;927;917;812;108;44,61;2015;997;1313
659;Donghua University;China;37;367;567;218;805;962;234;726;44,41;2015;622;1314
210;Dresden University of Technology;Germany;15;367;567;218;188;212;146;102;47,25;2015;195;1315
258;Drexel University;USA;99;367;233;218;362;338;287;91;46,43;2015;273;1316
843;Dublin City University;Ireland;6;367;567;218;803;933;511;347;44,19;2015;850;1317
28;Duke University;USA;20;74;31;56;19;23;15;33;61,55;2015;16;1318
261;Durham University;United Kingdom;23;132;267;116;248;199;197;460;46,42;2015;242;1319
762;East Carolina University;USA;207;367;394;218;699;685;812;639;44,28;2015;732;1320
586;East China Normal University;China;32;367;272;218;436;645;812;576;44,54;2015;622;1321
477;East China University of Science and Technology;China;25;367;567;218;423;828;645;184;44,86;2015;471;1322
881;?cole centrale de Lyon;France;45;367;255;218;856;841;812;570;44,15;2015;991;1323
548;?cole Centrale Paris;France;23;367;111;218;995;827;812;839;44,63;2015;958;1324
37;?cole normale sup?rieure - Paris;France;2;8;502;54;379;157;645;871;58,80;2015;295;1325
721;?cole normale sup?rieure de Cachan;France;32;121;323;218;895;776;428;871;44,33;2015;826;1326
471;?cole normale sup?rieure de Lyon;France;18;367;567;135;481;210;511;589;44,87;2015;413;1327
36;?cole Polytechnique;France;1;98;7;216;327;314;234;172;59,20;2015;295;1328
781;?cole Polytechnique de Montr?al;Canada;26;367;507;218;716;921;511;412;44,27;2015;741;1329
779;Ege University;Turkey;6;367;567;218;761;839;511;871;44,27;2015;699;1330
651;Ehime University;Japan;40;367;514;218;619;582;511;418;44,43;2015;590;1331
348;Eindhoven University of Technology;Netherlands;11;367;347;186;306;549;321;279;45,51;2015;318;1332
84;Emory University;USA;51;367;146;116;67;60;93;55;51,85;2015;41;1333
458;E?tv?s Lor?nd University;Hungary;1;89;567;116;559;444;287;724;44,92;2015;495;1334
85;Erasmus University Rotterdam;Netherlands;1;367;46;189;87;147;53;227;51,78;2015;44;1335
390;Ewha Womans University;South Korea;11;367;567;218;462;509;645;107;45,20;2015;457;1336
961;Federal University of ABC;Brazil;15;367;567;218;929;923;645;871;44,07;2015;921;1337
992;Federal University of Bahia;Brazil;17;367;540;218;962;865;645;774;44,03;2015;969;1338
998;Federal University of Cear?;Brazil;18;367;549;218;830;823;812;824;44,03;2015;975;1339
526;Federal University of Minas Gerais;Brazil;4;367;425;218;417;521;428;207;44,70;2015;549;1340
934;Federal University of Paran?;Brazil;12;367;497;218;697;800;812;772;44,10;2015;906;1341
939;Federal University of Pernambuco;Brazil;13;367;552;218;749;884;812;417;44,09;2015;946;1342
322;Federal University of Rio de Janeiro;Brazil;2;125;116;218;305;330;645;295;45,72;2015;381;1343
583;Federal University of Rio Grande do Sul;Brazil;5;367;567;218;410;578;428;787;44,55;2015;529;1344
918;Federal University of Santa Catarina;Brazil;10;367;567;218;606;941;812;763;44,12;2015;886;1345
974;Federal University of Santa Maria;Brazil;16;367;396;218;954;974;812;871;44,05;2015;975;1346
941;Federal University of S?o Carlos;Brazil;14;367;567;218;722;948;812;774;44,09;2015;906;1347
589;Federal University of S?o Paulo;Brazil;6;367;567;218;504;638;368;839;44,53;2015;520;1348
960;Federico Santa Mar?a Technical University;Chile;4;367;567;218;955;923;368;645;44,07;2015;946;1349
983;Feng Chia University;Taiwan;21;367;434;218;902;991;812;871;44,04;2015;975;1350
620;Flinders University;Australia;17;122;567;218;518;581;812;686;44,48;2015;622;1351
856;Florida Atlantic University;USA;221;367;567;218;855;741;812;714;44,17;2015;796;1352
823;Florida Institute of Technology;USA;214;367;567;218;973;793;368;871;44,21;2015;770;1353
605;Florida International University;USA;179;367;567;218;496;508;428;585;44,50;2015;540;1354
252;Florida State University;USA;96;367;334;218;200;184;136;411;46,53;2015;225;1355
915;Fluminense Federal University;Brazil;9;367;313;218;802;892;645;871;44,12;2015;958;1356
899;Fourth Military Medical University;China;62;367;567;218;609;716;645;692;44,13;2015;880;1357
147;Free University of Berlin;Germany;4;76;548;128;109;80;234;461;48,78;2015;90;1358
971;Fu Jen Catholic University;Taiwan;19;367;446;218;984;887;812;824;44,06;2015;958;1359
195;Fudan University;China;5;367;203;218;112;252;368;123;47,56;2015;204;1360
862;Fukuoka University;Japan;65;367;567;218;971;876;812;416;44,17;2015;837;1361
706;Fuzhou University;China;41;367;399;218;727;984;428;463;44,35;2015;671;1362
747;G, d'Annunzio University, Chieti-Pescara;Italy;42;367;567;218;750;615;812;871;44,30;2015;659;1363
951;Gachon University;South Korea;34;367;567;218;918;880;812;451;44,08;2015;932;1364
852;Gazi University;Turkey;9;367;468;218;750;942;645;871;44,18;2015;809;1365
414;George Mason University;USA;140;367;567;98;450;371;264;526;45,13;2015;388;1366
202;George Washington University;USA;87;192;56;218;301;227;264;326;47,46;2015;235;1367
113;Georgetown University;USA;59;159;34;218;298;321;321;122;49,92;2015;204;1368
80;Georgia Institute of Technology;USA;48;135;60;218;107;152;78;36;52,08;2015;106;1369
424;Georgia Regents University;USA;141;367;567;218;482;418;368;481;45,09;2015;341;1370
509;Georgia State University;USA;160;367;405;218;449;484;511;360;44,74;2015;457;1371
119;Ghent University;Belgium;2;123;329;147;84;149;68;90;49,73;2015;119;1372
670;Gifu University;Japan;43;367;567;218;701;658;645;403;44,40;2015;606;1373
176;Goethe University Frankfurt;Germany;10;111;219;89;179;155;212;328;48,01;2015;124;1374
524;Graduate University for Advanced Studies;Japan;29;367;567;218;613;291;645;871;44,70;2015;420;1375
669;Graz University of Technology;Austria;8;367;567;218;677;715;368;404;44,40;2015;622;1376
430;Grenoble Institute of Technology;France;17;144;567;188;328;520;428;345;45,06;2015;388;1377
613;Griffith University;Australia;16;367;567;218;436;500;368;556;44,49;2015;565;1378
608;Gunma University;Japan;35;367;567;218;627;531;511;252;44,50;2015;590;1379
310;Gwangju Institute of Science and Technology;South Korea;9;367;567;218;540;538;368;54;45,88;2015;529;1380
434;Gyeongsang National University;South Korea;15;367;567;218;633;673;645;93;45,04;2015;606;1381
634;Hacettepe University;Turkey;3;367;567;218;658;630;428;871;44,45;2015;549;1382
952;Hallym University;South Korea;35;367;567;218;884;908;812;565;44,08;2015;921;1383
863;Hamamatsu University School of Medicine;Japan;66;367;567;218;990;917;645;470;44,17;2015;826;1384
292;Hannover Medical School;Germany;24;367;567;218;322;245;287;308;46,07;2015;219;1385
192;Hanyang University;South Korea;6;367;168;218;286;471;368;31;47,60;2015;396;1386
953;Harbin Engineering University;China;69;367;567;218;970;991;645;839;44,07;2015;906;1387
410;Harbin Institute of Technology;China;17;367;244;218;241;847;645;375;45,14;2015;437;1388
1;Harvard University;USA;1;1;1;1;1;1;1;3;100,00;2015;1;1389
733;Hasselt University;Belgium;9;367;340;218;829;904;645;761;44,32;2015;699;1390
23;Hebrew University of Jerusalem;Israel;1;15;164;15;120;97;368;35;65,71;2015;143;1391
883;Hefei University of Technology;China;57;367;302;218;914;974;812;871;44,15;2015;932;1392
990;Henan Normal University;China;80;367;567;218;959;991;812;871;44,04;2015;958;1393
707;Heriot-Watt University;United Kingdom;55;367;335;218;601;597;812;439;44,35;2015;715;1394
945;Hirosaki University;Japan;73;367;505;218;951;844;511;693;44,08;2015;906;1395
290;Hiroshima University;Japan;13;367;567;218;304;287;428;112;46,12;2015;273;1396
178;Hokkaido University;Japan;10;279;277;135;148;173;287;53;47,97;2015;251;1397
649;Hong Kong Baptist University;Hong Kong;6;367;516;218;592;937;511;691;44,43;2015;565;1398
354;Hong Kong Polytechnic University;Hong Kong;4;367;166;218;259;764;511;329;45,47;2015;375;1399
319;Hong Kong University of Science and Technology;Hong Kong;3;367;359;218;256;466;368;185;45,77;2015;300;1400
719;Howard University;USA;200;294;567;218;934;665;511;296;44,33;2015;699;1401
858;Huazhong Agricultural University;China;52;367;567;218;651;535;645;494;44,17;2015;837;1402
400;Huazhong University of Science and Technology;China;16;367;282;218;219;626;645;242;45,16;2015;480;1403
153;Humboldt University of Berlin;Germany;5;291;567;108;108;82;161;471;48,64;2015;85;1404
972;Hunan Normal University;China;74;367;567;218;923;917;812;871;44,06;2015;932;1405
553;Hunan University;China;30;367;291;218;464;906;645;816;44,62;2015;529;1406
850;Hunter College;USA;220;261;438;218;822;610;812;805;44,18;2015;826;1407
970;Ibaraki University;Japan;74;367;567;218;999;448;645;562;44,06;2015;946;1408
143;Icahn School of Medicine at Mount Sinai;USA;69;367;567;218;160;71;161;101;48,96;2015;63;1409
480;Illinois Institute of Technology;USA;154;274;114;218;784;713;511;861;44,85;2015;715;1410
35;Imperial College London;United Kingdom;4;90;82;30;19;26;23;47;59,61;2015;19;1411
448;Indian Institute of Science;India;3;367;332;218;315;537;511;239;44,96;2015;447;1412
596;Indian Institute of Technology Bombay;India;6;367;507;218;521;815;645;176;44,52;2015;699;1413
341;Indian Institute of Technology Delhi;India;1;367;59;218;635;943;812;625;45,54;2015;781;1414
714;Indian Institute of Technology Kanpur;India;11;174;503;218;561;848;645;450;44,34;2015;715;1415
614;Indian Institute of Technology Kharagpur;India;8;367;242;218;500;974;812;644;44,49;2015;686;1416
534;Indian Institute of Technology Madras;India;5;367;147;218;523;943;812;317;44,68;2015;796;1417
638;Indian Institute of Technology Roorkee;India;9;367;395;218;839;931;428;871;44,44;2015;565;1418
106;Indiana University - Bloomington;USA;58;134;35;178;180;143;161;178;50,26;2015;190;1419
164;Indiana University-Purdue University Indianapolis;USA;74;367;492;218;187;190;125;79;48,28;2015;122;1420
578;Inha University;South Korea;20;367;381;218;568;780;511;273;44,56;2015;565;1421
813;Inje University;South Korea;28;367;567;218;838;928;812;331;44,22;2015;809;1422
395;Innsbruck Medical University;Austria;4;367;567;218;469;413;812;678;45,18;2015;324;1423
772;Institut national des sciences Appliqu?es de Lyon;France;37;367;567;218;547;674;645;558;44,27;2015;732;1424
576;International School for Advanced Studies;Italy;32;367;567;218;623;406;812;768;44,57;2015;486;1425
187;Iowa State University;USA;81;286;186;109;151;178;82;339;47,71;2015;184;1426
914;Isfahan University of Technology;Iran;5;367;567;218;682;923;645;871;44,12;2015;880;1427
742;Istanbul Technical University;Turkey;5;367;440;218;646;875;368;839;44,31;2015;699;1428
623;Istanbul University;Turkey;2;253;386;218;684;560;645;871;44,48;2015;558;1429
787;Jacobs University Bremen;Germany;50;367;567;218;894;666;511;533;44,26;2015;715;1430
923;Jadavpur University;India;15;367;515;218;849;991;428;735;44,11;2015;886;1431
451;Jagiellonian University;Poland;1;367;567;218;403;465;645;355;44,94;2015;375;1432
541;James Cook University;Australia;13;367;567;218;505;248;428;665;44,67;2015;457;1433
808;Jaume I University;Spain;30;367;567;218;794;958;645;643;44,23;2015;741;1434
777;Jawaharlal Nehru Centre for Advanced Scientific Research;India;12;367;567;218;868;650;645;453;44,27;2015;715;1435
880;Jean Monnet University;France;44;367;567;218;626;486;812;710;44,15;2015;850;1436
828;Jiangnan University;China;50;367;567;218;783;912;812;628;44,20;2015;770;1437
947;Jiangsu University;China;66;367;556;218;808;969;812;323;44,08;2015;981;1438
722;Jichi Medical University;Japan;45;367;567;218;930;633;511;641;44,33;2015;637;1439
775;Jikei University School of Medicine;Japan;56;367;567;218;959;711;645;797;44,27;2015;686;1440
391;Jilin University;China;14;220;338;218;239;452;645;551;45,20;2015;375;1441
955;Jinan University;China;70;367;336;218;793;897;812;688;44,07;2015;984;1442
233;Johannes Gutenberg University of Mainz;Germany;19;367;567;194;210;185;161;523;46,88;2015;164;1443
715;Johannes Kepler University of Linz;Austria;9;367;378;218;742;659;645;560;44,34;2015;671;1444
16;Johns Hopkins University;USA;13;18;84;16;4;11;5;2;71,60;2015;3;1445
188;Joseph Fourier University;France;8;195;567;218;110;93;234;160;47,71;2015;170;1446
235;Julius-Maximilian's University of W?rzburg;Germany;20;106;391;168;216;179;287;369;46,85;2015;179;1447
465;Juntendo University;Japan;19;367;567;218;653;498;428;853;44,90;2015;362;1448
358;Justus Liebig University Giessen;Germany;32;367;567;218;332;357;264;309;45,43;2015;313;1449
619;Kagoshima University;Japan;36;367;281;218;733;706;511;251;44,48;2015;715;1450
691;Kaiserslautern University of Technology;Germany;47;367;522;218;679;523;812;668;44,37;2015;606;1451
457;Kanazawa University;Japan;18;367;416;218;474;419;511;350;44,92;2015;381;1452
812;Kangwon National University;South Korea;27;367;567;218;706;819;645;428;44,22;2015;781;1453
353;Kansas State University;USA;125;130;229;218;373;320;212;294;45,47;2015;358;1454
757;Kaohsiung Medical University;Taiwan;10;367;567;218;539;854;812;661;44,29;2015;699;1455
213;Karlsruhe Institute of Technology;Germany;16;356;208;131;193;280;146;103;47,15;2015;247;1456
71;Karolinska Institute;Sweden;1;149;567;36;51;54;52;743;52,79;2015;34;1457
82;Katholieke Universiteit Leuven;Belgium;1;367;202;218;35;92;53;74;52,03;2015;46;1458
674;Keele University;United Kingdom;49;367;567;218;659;533;321;853;44,40;2015;606;1459
34;Keio University;Japan;3;284;5;218;309;246;368;80;59,84;2015;270;1460
571;Kent State University;USA;173;367;567;218;610;436;511;498;44,58;2015;486;1461
737;Kindai University;Japan;50;367;567;218;680;712;428;437;44,32;2015;686;1462
995;King Abdulaziz University;Saudi Arabia;4;367;449;218;595;430;645;839;44,03;2015;994;1463
704;King Abdullah University of Science and Technology;Saudi Arabia;2;367;567;126;691;529;812;182;44,36;2015;946;1464
847;King Fahd University of Petroleum and Minerals;Saudi Arabia;3;367;234;218;934;950;812;871;44,19;2015;984;1465
569;King Saud University;Saudi Arabia;1;367;182;218;560;539;645;232;44,59;2015;837;1466
94;King's College London;United Kingdom;7;27;190;114;76;116;101;188;51,31;2015;74;1467
732;Kitasato University;Japan;48;367;567;218;725;595;812;871;44,32;2015;646;1468
320;Kobe University;Japan;14;95;240;116;368;271;321;301;45,74;2015;335;1469
838;K?chi University;Japan;61;367;567;218;942;788;812;536;44,19;2015;781;1470
602;Konkuk University;South Korea;22;367;388;218;533;748;812;204;44,51;2015;686;1471
144;Korea Advanced Institute of Science and Technology (KAIST);South Korea;4;367;194;218;183;283;368;8;48,95;2015;289;1472
115;Korea University;South Korea;3;367;58;218;172;411;321;26;49,79;2015;273;1473
419;Kumamoto University;Japan;17;308;353;218;495;441;428;152;45,11;2015;409;1474
771;Kurume University;Japan;54;367;567;218;986;770;812;473;44,27;2015;699;1475
887;Kyoto Institute of Technology;Japan;67;367;567;218;982;868;812;287;44,14;2015;921;1476
728;Kyoto Prefectural University of Medicine;Japan;47;367;567;218;852;752;645;871;44,33;2015;637;1477
17;Kyoto University;Japan;2;22;16;24;30;42;88;16;68,60;2015;60;1478
401;Kyung Hee University;South Korea;12;245;495;218;380;584;645;95;45,16;2015;558;1479
307;Kyungpook National University;South Korea;8;367;412;218;355;625;321;66;45,92;2015;413;1480
100;Kyushu University;Japan;7;367;49;218;152;182;264;37;50,60;2015;200;1481
645;La Trobe University;Australia;19;367;457;218;536;455;812;803;44,44;2015;579;1482
426;Lancaster University;United Kingdom;35;367;360;218;364;398;234;673;45,08;2015;369;1483
514;Lanzhou University;China;28;367;567;218;350;689;645;624;44,72;2015;457;1484
229;Laval University;Canada;11;292;273;218;207;270;182;140;46,95;2015;200;1485
264;Lehigh University;USA;102;367;47;218;615;542;511;534;46,40;2015;511;1486
108;Leiden University;Netherlands;3;120;567;102;82;94;53;260;50,17;2015;56;1487
302;Leipzig University;Germany;26;326;567;208;281;266;511;364;45,94;2015;242;1488
618;Lille 2 University of Health and Law;France;26;367;567;218;821;631;645;630;44,48;2015;520;1489
355;Link?ping University;Sweden;8;367;237;218;323;401;368;871;45,47;2015;324;1490
696;Liverpool John Moores University;United Kingdom;53;367;567;218;723;395;511;871;44,37;2015;606;1491
665;Loma Linda University;USA;193;367;567;218;848;755;645;555;44,41;2015;565;1492
59;Lomonosov Moscow State University;Russia;1;14;175;48;268;254;287;861;54,19;2015;344;1493
279;London School of Economics;United Kingdom;25;78;65;91;503;739;264;871;46,22;2015;590;1494
246;London School of Hygiene & Tropical Medicine;United Kingdom;21;367;567;159;300;294;264;736;46,59;2015;164;1495
694;Loughborough University;United Kingdom;52;367;567;218;512;806;511;480;44,37;2015;646;1496
332;Louisiana State University - Baton Rouge;USA;121;270;177;218;292;215;197;458;45,61;2015;353;1497
625;Louisiana Tech University;USA;184;367;197;218;969;871;428;792;44,47;2015;754;1498
437;Loyola University Chicago;USA;144;367;366;218;522;438;511;713;45,03;2015;353;1499
600;LSU Health Sciences Center New Orleans;USA;178;367;567;218;823;544;645;661;44,52;2015;503;1500
79;Ludwig Maximilian University of Munich;Germany;2;42;129;92;66;55;53;167;52,16;2015;51;1501
117;Lund University;Sweden;2;136;466;169;85;135;53;871;49,75;2015;60;1502
225;Maastricht University;Netherlands;8;367;567;218;185;354;234;281;47,00;2015;156;1503
449;Macquarie University;Australia;9;367;304;218;391;292;321;530;44,96;2015;402;1504
802;Magna Gr?cia University of Catanzaro;Italy;44;367;567;218;948;813;812;766;44,24;2015;715;1505
532;Mahidol University;Thailand;2;367;567;218;476;372;368;861;44,69;2015;447;1506
869;Makerere University;Uganda;1;367;567;218;882;656;645;871;44,16;2015;809;1507
885;Manchester Metropolitan University;United Kingdom;64;367;458;218;941;677;812;721;44,14;2015;850;1508
988;Mansoura University;Egypt;3;367;567;218;987;969;645;871;44,04;2015;958;1509
662;Marche Polytechnic University;Italy;35;367;567;218;688;649;812;748;44,41;2015;565;1510
717;Marquette University;USA;198;367;201;218;912;785;812;682;44,34;2015;896;1511
497;Martin Luther University of Halle-Wittenberg;Germany;40;358;567;210;394;345;812;706;44,79;2015;413;1512
702;Masaryk University;Czech Republic;2;367;567;218;645;519;645;705;44,36;2015;622;1513
3;Massachusetts Institute of Technology;USA;3;3;11;2;15;2;2;1;97,54;2015;2;1514
658;Massey University;New Zealand;5;367;496;218;570;554;812;723;44,42;2015;579;1515
42;McGill University;Canada;2;34;37;75;33;53;44;132;56,49;2015;34;1516
150;McMaster University;Canada;6;222;268;163;127;156;101;222;48,74;2015;87;1517
297;Medical College of Wisconsin;USA;113;367;567;218;337;284;321;659;45,97;2015;219;1518
574;Medical University of Graz;Austria;6;367;567;218;573;628;812;576;44,58;2015;486;1519
303;Medical University of South Carolina;USA;116;367;567;218;316;364;287;508;45,94;2015;231;1520
265;Medical University of Vienna;Austria;2;367;567;218;251;228;212;366;46,39;2015;197;1521
611;Memorial University of Newfoundland;Canada;24;367;567;218;552;577;645;653;44,49;2015;529;1522
444;Miami University;USA;146;367;102;218;715;543;511;871;45,00;2015;659;1523
118;Michigan State University;USA;60;112;162;218;88;123;65;136;49,74;2015;111;1524
790;Michigan Technological University;USA;210;341;467;218;794;769;428;581;44,25;2015;741;1525
470;Middle East Technical University;Turkey;1;367;120;218;550;879;511;871;44,87;2015;659;1526
780;Mie University;Japan;57;367;567;218;835;860;645;368;44,27;2015;741;1527
767;Miguel Hern?ndez University of Elche;Spain;28;367;567;218;757;617;812;497;44,28;2015;699;1528
104;Mines ParisTech;France;5;278;23;169;977;834;812;871;50,34;2015;906;1529
607;Mississippi State University;USA;181;155;220;218;605;608;645;566;44,50;2015;754;1530
718;Missouri University of Science and Technology;USA;199;367;246;218;718;923;645;592;44,34;2015;826;1531
145;Monash University;Australia;5;277;145;218;86;136;182;99;48,91;2015;161;1532
556;Montana State University - Bozeman;USA;170;367;477;218;575;323;287;744;44,61;2015;495;1533
250;Moscow Institute of Physics and Technology;Russia;2;23;339;218;949;605;812;839;46,55;2015;1000;1534
829;Murdoch University;Australia;24;367;527;218;827;501;645;770;44,20;2015;770;1535
486;Nagasaki University;Japan;24;299;214;218;614;607;645;233;44,82;2015;529;1536
599;Nagoya City University;Japan;34;367;333;218;785;525;368;400;44,52;2015;565;1537
827;Nagoya Institute of Technology;Japan;60;367;504;218;825;958;645;229;44,20;2015;921;1538
125;Nagoya University;Japan;9;39;322;53;138;140;146;78;49,57;2015;195;1539
866;Nanjing Agricultural University;China;54;367;567;218;617;726;812;601;44,16;2015;837;1540
886;Nanjing Medical University;China;58;367;567;218;582;696;812;761;44,14;2015;867;1541
864;Nanjing Normal University;China;53;367;456;218;729;709;428;742;44,17;2015;850;1542
244;Nanjing University;China;7;342;362;218;134;358;234;164;46,61;2015;265;1543
895;Nanjing University of Aeronautics and Astronautics;China;61;367;486;218;709;974;812;853;44,14;2015;867;1544
804;Nanjing University of Science and Technology;China;48;367;331;218;796;943;368;694;44,24;2015;826;1545
810;Nanjing University of Technology;China;49;367;567;218;748;984;812;217;44,22;2015;932;1546
315;Nankai University;China;11;334;135;218;282;454;321;419;45,80;2015;334;1547
135;Nanyang Technological University;Singapore;2;367;567;218;102;361;212;32;49,29;2015;204;1548
547;Nara Institute of Science and Technology;Japan;31;367;567;218;773;329;645;270;44,63;2015;495;1549
301;National and Kapodistrian University of Athens;Greece;1;367;200;218;245;416;428;871;45,94;2015;273;1550
334;National Autonomous University of Mexico;Mexico;1;282;546;218;199;219;368;486;45,58;2015;330;1551
564;National Central University;Taiwan;8;225;567;218;384;468;511;839;44,60;2015;520;1552
226;National Cheng Kung University;Taiwan;2;367;52;218;164;485;812;436;46,97;2015;388;1553
386;National Chiao Tung University;Taiwan;3;367;206;218;240;651;428;871;45,24;2015;413;1554
865;National Chung Cheng University;Taiwan;13;367;567;218;796;991;645;871;44,17;2015;809;1555
544;National Chung Hsing University;Taiwan;6;367;211;218;412;682;511;871;44,65;2015;606;1556
786;National Polytechnic Institute;Mexico;2;330;567;218;573;579;428;620;44,26;2015;741;1557
580;National Polytechnic Institute of Toulouse;France;25;367;242;218;486;672;812;413;44,56;2015;646;1558
755;National Research Nuclear University MEPhI;Russia;4;306;567;218;957;699;428;871;44,29;2015;671;1559
803;National Sun Yat-sen University;Taiwan;11;367;567;218;461;950;511;871;44,24;2015;781;1560
932;National Taiwan Normal University;Taiwan;16;367;478;218;731;939;645;871;44,10;2015;906;1561
946;National Taiwan Ocean University;Taiwan;17;367;413;218;790;940;812;871;44,08;2015;946;1562
57;National Taiwan University;Taiwan;1;92;25;218;46;223;182;695;54,23;2015;204;1563
916;National Taiwan University of Science and Technology;Taiwan;15;367;567;218;598;991;812;823;44,12;2015;886;1564
695;National Technical University of Athens;Greece;6;187;567;218;514;950;511;871;44,37;2015;659;1565
407;National Tsing Hua University;Taiwan;4;262;520;218;238;425;428;731;45,14;2015;375;1566
968;National University of Colombia;Colombia;2;367;312;218;871;732;812;861;44,06;2015;994;1567
933;National University of C?rdoba;Argentina;3;367;567;218;717;796;645;871;44,10;2015;896;1568
558;National University of Ireland, Galway;Ireland;4;367;567;218;588;546;645;293;44,61;2015;503;1569
853;National University of Ireland, Maynooth;Ireland;7;244;567;218;992;710;812;561;44,18;2015;809;1570
744;National University of La Plata;Argentina;2;367;513;218;546;559;511;871;44,31;2015;686;1571
65;National University of Singapore;Singapore;1;367;98;218;34;125;78;25;53,44;2015;90;1572
542;National Yang-Ming University;Taiwan;5;367;567;218;345;517;511;824;44,65;2015;495;1573
761;New Jersey Institute of Technology;USA;206;259;472;218;791;670;812;391;44,28;2015;741;1574
519;New Mexico State University;USA;163;367;432;218;711;585;321;871;44,71;2015;424;1575
546;New York Medical College;USA;166;367;567;218;752;622;812;719;44,64;2015;437;1576
18;New York University;USA;14;32;22;18;47;29;46;43;68,39;2015;32;1577
212;Newcastle University;United Kingdom;18;367;222;218;192;159;234;365;47,17;2015;159;1578
911;Nicolaus Copernicus University in Toru?;Poland;6;367;567;218;873;821;511;698;44,12;2015;867;1579
473;Nihon University;Japan;21;301;565;218;599;588;812;113;44,86;2015;637;1580
468;Niigata University;Japan;20;367;285;218;527;514;511;238;44,88;2015;447;1581
232;North Carolina State University;USA;93;251;228;218;157;206;182;161;46,89;2015;242;1582
792;North Dakota State University - Main Campus;USA;211;172;567;218;702;790;812;871;44,25;2015;770;1583
640;Northeast Normal University;China;35;367;567;218;678;765;645;871;44,44;2015;549;1584
275;Northeastern University;USA;108;316;125;218;370;312;264;86;46,29;2015;362;1585
871;Northeastern University (China);China;55;367;315;218;759;974;812;698;44,16;2015;906;1586
766;Northern Arizona University;USA;208;367;537;218;939;489;645;609;44,28;2015;686;1587
643;Northern Illinois University;USA;187;367;284;218;669;661;321;621;44,44;2015;671;1588
877;Northwest University (China);China;56;367;567;218;904;848;368;871;44,15;2015;837;1589
948;Northwestern Polytechnical University;China;67;367;351;218;566;962;812;871;44,08;2015;989;1590
22;Northwestern University;USA;17;163;12;104;27;34;27;42;66,56;2015;26;1591
789;Norwegian University of Life Sciences;Norway;5;367;567;218;769;570;511;782;44,26;2015;715;1592
243;Norwegian University of Science and Technology;Norway;2;252;119;75;279;366;212;327;46,67;2015;273;1593
985;Novosibirsk State University;Russia;5;167;567;218;819;858;645;871;44,04;2015;991;1594
906;Oakland University;USA;226;367;567;218;888;810;812;871;44,13;2015;850;1595
846;Ocean University of China;China;51;367;567;218;648;735;812;541;44,19;2015;809;1596
49;Ohio State University, Columbus;USA;32;96;87;82;28;52;31;44;55,39;2015;38;1597
460;Ohio University;USA;149;205;174;218;590;472;812;224;44,91;2015;565;1598
245;Okayama University;Japan;11;367;288;218;353;335;287;60;46,59;2015;318;1599
412;Oklahoma State University–Stillwater;USA;139;239;153;218;447;648;428;303;45,13;2015;471;1600
656;Old Dominion University;USA;191;367;567;218;719;590;511;379;44,42;2015;590;1601
631;Open University (UK);United Kingdom;47;367;567;218;616;340;645;809;44,46;2015;549;1602
639;?rebro University;Sweden;11;367;529;218;816;747;428;871;44,44;2015;549;1603
166;Oregon Health & Science University;USA;75;367;567;128;184;115;125;144;48,23;2015;105;1604
260;Oregon State University;USA;101;189;239;218;263;148;161;389;46,42;2015;235;1605
474;Osaka City University;Japan;22;108;414;218;484;536;321;374;44,86;2015;471;1606
598;Osaka Prefecture University;Japan;33;367;411;218;688;671;812;187;44,52;2015;686;1607
45;Osaka University;Japan;5;46;39;75;50;58;182;18;56,03;2015;67;1608
536;Otto-von-Guericke University Magdeburg;Germany;44;367;567;218;486;629;511;388;44,68;2015;457;1609
724;Palack? University, Olomouc;Czech Republic;4;367;567;218;739;562;511;475;44,33;2015;659;1610
491;Panjab University;India;4;333;167;218;720;786;368;824;44,80;2015;540;1611
217;Paris Descartes University;France;11;203;567;218;177;142;287;455;47,06;2015;156;1612
131;Paris Diderot University - Paris 7;France;6;127;567;68;105;56;115;483;49,33;2015;97;1613
633;Paris-Est Cr?teil Val-de-Marne University;France;27;367;406;218;732;611;812;824;44,45;2015;558;1614
236;Paul Sabatier University - Toulouse III;France;13;367;567;218;158;102;321;514;46,81;2015;188;1615
740;Paul Val?ry University, Montpellier III;France;33;367;567;218;837;502;287;871;44,31;2015;686;1616
423;Peking Union Medical College;China;21;367;567;218;324;297;368;797;45,09;2015;358;1617
56;Peking University;China;1;182;38;218;52;131;182;20;54,26;2015;125;1618
47;Pennsylvania State University, University Park;USA;30;230;44;62;49;43;28;92;55,54;2015;38;1619
63;Pierre-and-Marie-Curie University;France;4;30;404;88;31;35;68;87;53,79;2015;63;1620
587;Plymouth University;United Kingdom;43;367;544;218;532;429;511;651;44,54;2015;511;1621
165;Pohang University of Science and Technology;South Korea;5;367;567;218;285;355;212;24;48,24;2015;281;1622
370;Polytechnic University of Catalonia;Spain;8;367;330;218;371;576;368;85;45,36;2015;540;1623
397;Polytechnic University of Milan;Italy;20;103;181;191;358;510;428;292;45,17;2015;503;1624
653;Polytechnic University of Turin;Italy;34;367;567;218;465;798;645;283;44,43;2015;659;1625
440;Polytechnic University of Valencia;Spain;13;367;567;218;386;505;645;155;45,02;2015;437;1626
375;Pompeu Fabra University;Spain;9;367;567;218;397;164;428;604;45,31;2015;318;1627
376;Pontifical Catholic University of Chile;Chile;1;343;139;218;446;310;645;396;45,31;2015;388;1628
661;Portland State University;USA;192;367;245;218;800;548;812;484;44,41;2015;741;1629
9;Princeton University;USA;7;4;15;3;72;25;24;225;89,42;2015;33;1630
959;Public University of Navarre;Spain;39;367;567;218;972;831;812;697;44,07;2015;921;1631
898;Pukyong National University;South Korea;33;367;567;218;906;962;812;356;44,13;2015;896;1632
43;Purdue University, West Lafayette;USA;27;55;33;47;75;95;68;28;56,39;2015;117;1633
452;Pusan National University;South Korea;16;367;401;218;398;488;428;147;44,94;2015;503;1634
610;Putra University, Malaysia;Malaysia;3;367;567;218;860;900;812;114;44,49;2015;989;1635
209;Queen Mary University of London;United Kingdom;17;147;319;218;226;175;212;255;47,25;2015;138;1636
893;Queens College, City University of New York;USA;223;323;374;218;977;690;812;729;44,14;2015;886;1637
284;Queen's University;Canada;13;322;155;218;254;274;264;275;46,18;2015;281;1638
343;Queen's University Belfast;United Kingdom;33;183;387;218;306;276;264;377;45,53;2015;313;1639
621;Queensland University of Technology;Australia;18;367;567;218;477;750;511;492;44,48;2015;558;1640
134;Radboud University Nijmegen;Netherlands;7;128;274;218;89;119;93;410;49,30;2015;74;1641
496;Renmin University of China;China;27;367;100;218;965;936;812;715;44,79;2015;896;1642
282;Rensselaer Polytechnic Institute;USA;110;137;142;218;402;346;182;210;46,19;2015;292;1643
120;Rice University;USA;61;52;161;95;255;150;59;76;49,73;2015;130;1644
826;Rio de Janeiro State University;Brazil;8;367;567;218;760;910;511;739;44,21;2015;770;1645
926;Ritsumeikan University;Japan;72;367;325;218;906;882;511;430;44,10;2015;984;1646
873;RMIT University;Australia;25;367;561;218;690;929;812;585;44,16;2015;837;1647
710;Rochester Institute of Technology;USA;196;367;431;218;905;643;287;587;44,35;2015;671;1648
29;Rockefeller University;USA;21;49;567;12;372;28;115;289;61,28;2015;70;1649
701;Roma Tre University;Italy;39;367;567;218;639;637;511;756;44,36;2015;622;1650
644;Rovira i Virgili University;Spain;19;367;567;218;555;573;428;485;44,44;2015;579;1651
711;Royal College of Surgeons in Ireland;Ireland;5;367;567;218;888;714;368;446;44,35;2015;646;1652
540;Royal Holloway, University of London;United Kingdom;40;367;567;218;564;306;428;556;44,67;2015;447;1653
126;Royal Institute of Technology;Sweden;4;199;30;105;221;300;321;797;49,54;2015;318;1654
874;Royal Veterinary College, University of London;United Kingdom;63;246;567;218;896;550;511;746;44,16;2015;837;1655
296;Ruhr University Bochum;Germany;25;367;235;218;236;235;368;797;46,00;2015;265;1656
76;Ruprecht Karl University of Heidelberg;Germany;1;38;402;51;69;61;46;243;52,32;2015;46;1657
323;Rush University;USA;118;367;567;218;427;404;197;871;45,71;2015;260;1658
50;Rutgers University-New Brunswick;USA;33;91;40;37;100;66;46;61;55,23;2015;89;1659
723;Rutgers, The State University of New Jersey - Newark;USA;201;367;567;218;832;515;645;871;44,33;2015;637;1660
230;RWTH Aachen University;Germany;18;357;238;131;197;359;182;158;46,90;2015;219;1661
994;Ryerson University;Canada;33;367;567;218;811;969;511;756;44,03;2015;975;1662
372;Saarland University;Germany;33;367;375;218;392;434;428;367;45,33;2015;318;1663
773;Saga University;Japan;55;367;567;218;808;791;812;435;44,27;2015;715;1664
364;Saint Louis University;USA;129;367;261;202;458;293;428;286;45,39;2015;330;1665
406;Saint Petersburg State University;Russia;3;47;250;218;621;574;645;816;45,14;2015;754;1666
798;Saitama Medical University;Japan;58;367;567;218;993;586;645;488;44,25;2015;732;1667
909;Saitama University;Japan;71;367;349;218;959;609;511;545;44,12;2015;932;1668
361;San Diego State University;USA;128;248;204;218;467;302;264;509;45,41;2015;339;1669
712;San Francisco State University;USA;197;271;567;218;864;572;511;871;44,35;2015;622;1670
112;Sapienza University of Rome;Italy;1;67;205;45;83;166;212;312;49,97;2015;130;1671
713;Sapporo Medical University;Japan;44;367;567;218;975;837;645;441;44,35;2015;637;1672
393;Scuola Normale Superiore di Pisa;Italy;19;263;567;61;548;526;321;871;45,20;2015;503;1673
776;Second Military Medical University;China;44;367;567;218;579;664;645;395;44,27;2015;754;1674
575;Second University of Naples;Italy;31;367;567;218;556;641;645;824;44,57;2015;486;1675
868;Sejong University;South Korea;31;367;567;218;788;845;812;466;44,16;2015;837;1676
617;Semmelweis University;Hungary;2;367;567;218;650;481;511;670;44,48;2015;529;1677
24;Seoul National University;South Korea;1;367;9;218;36;163;146;6;64,82;2015;112;1678
931;Shahid Beheshti University of Medical Sciences;Iran;6;367;567;218;833;920;812;871;44,10;2015;886;1679
413;Shandong University;China;18;367;437;218;213;604;511;538;45,13;2015;409;1680
180;Shanghai Jiao Tong University;China;3;335;143;218;81;267;212;198;47,96;2015;209;1681
888;Shanghai Normal University;China;59;367;463;218;919;950;812;871;44,14;2015;850;1682
684;Shanghai University;China;39;367;567;218;494;929;812;782;44,38;2015;622;1683
697;Sharif University of Technology;Iran;1;116;567;218;563;950;511;871;44,37;2015;732;1684
975;Shenzhen University;China;75;367;410;218;976;778;645;318;44,05;2015;999;1685
903;Shimane University;Japan;69;367;567;218;956;717;645;695;44,13;2015;850;1686
529;Shinshu University;Japan;30;367;517;218;594;602;368;244;44,70;2015;486;1687
956;Shiraz University;Iran;7;367;567;218;865;962;645;871;44,07;2015;921;1688
648;Shizuoka University;Japan;39;367;476;218;834;708;645;163;44,43;2015;826;1689
800;Showa University;Japan;59;367;567;218;985;759;645;727;44,24;2015;715;1690
479;Sichuan University;China;26;367;563;218;269;478;645;597;44,85;2015;447;1691
362;Simon Fraser University;Canada;17;367;567;218;284;303;368;381;45,40;2015;324;1692
845;Sofia University;Bulgaria;1;254;567;218;814;881;645;871;44,19;2015;796;1693
581;Sogang University;South Korea;21;367;567;218;806;798;812;115;44,56;2015;921;1694
615;Soochow University (Suzhou);China;33;367;567;218;396;773;812;871;44,49;2015;565;1695
969;South China Agricultural University;China;73;367;567;218;877;811;812;871;44,06;2015;932;1696
924;South China Normal University;China;64;367;452;218;674;912;645;744;44,11;2015;906;1697
439;South China University of Technology;China;23;367;266;218;347;620;511;196;45,02;2015;471;1698
443;Southeast University;China;24;168;488;218;369;702;645;149;45,01;2015;480;1699
590;Southern Illinois University Carbondale;USA;175;208;533;218;591;512;812;588;44,53;2015;520;1700
963;Southern Medical University;China;72;367;567;218;801;758;812;782;44,06;2015;932;1701
142;Southern Methodist University;USA;68;179;28;218;624;655;368;824;48,99;2015;646;1702
993;Southwest Jiaotong University;China;82;367;327;218;937;962;812;861;44,03;2015;998;1703
889;Southwest University;China;60;268;567;218;695;897;645;669;44,14;2015;867;1704
340;St George's, University of London;United Kingdom;32;367;567;218;554;476;368;648;45,55;2015;262;1705
2;Stanford University;USA;2;9;2;4;5;3;3;10;98,66;2015;4;1706
635;State University of New York Upstate Medical University;USA;186;367;567;218;774;632;428;598;44,45;2015;549;1707
306;Stellenbosch University;South Africa;3;367;66;218;520;503;321;219;45,92;2015;486;1708
168;Stockholm University;Sweden;5;129;79;187;202;89;88;839;48,23;2015;179;1709
138;Stony Brook University;USA;65;186;567;58;173;84;93;96;49,09;2015;134;1710
277;Sun Yat-sen University;China;8;367;254;218;161;393;287;221;46,25;2015;285;1711
211;Sungkyunkwan University;South Korea;7;367;225;218;194;317;161;69;47,19;2015;270;1712
516;SUNY Downstate Medical Center;USA;162;367;567;155;756;446;511;660;44,72;2015;437;1713
729;Swansea University;United Kingdom;57;367;428;218;523;566;645;595;44,32;2015;699;1714
416;Swedish University of Agricultural Sciences;Sweden;10;146;567;218;393;268;428;871;45,12;2015;353;1715
688;Swinburne University of Technology;Australia;20;367;567;218;654;456;511;772;44,38;2015;606;1716
91;Swiss Federal Institute of Technology in Lausanne;Switzerland;2;367;74;116;124;114;39;58;51,47;2015;110;1717
20;Swiss Federal Institute of Technology in Zurich;Switzerland;1;17;64;17;44;27;39;57;66,93;2015;79;1718
463;Syracuse University;USA;150;138;221;218;453;494;428;392;44,91;2015;495;1719
807;Taipei Medical University;Taiwan;12;367;567;218;499;883;645;661;44,23;2015;781;1720
577;Tampere University of Technology;Finland;7;367;156;218;816;646;645;746;44,56;2015;796;1721
912;Tarbiat Modares University;Iran;4;367;567;218;769;991;812;871;44,12;2015;867;1722
601;Tata Institute of Fundamental Research;India;7;367;567;218;468;450;368;792;44,51;2015;540;1723
345;Technical University of Berlin;Germany;30;85;271;218;360;412;368;177;45,52;2015;388;1724
174;Technical University of Denmark;Denmark;3;351;510;202;220;230;161;46;48,06;2015;216;1725
487;Technical University of Dortmund;Germany;37;367;567;218;459;528;368;284;44,82;2015;420;1726
435;Technical University of Madrid;Spain;12;215;212;218;470;697;645;110;45,03;2015;770;1727
101;Technical University of Munich;Germany;3;37;118;177;104;90;128;119;50,58;2015;95;1728
136;Technion – Israel Institute of Technology;Israel;4;45;180;55;186;221;161;88;49,12;2015;209;1729
854;Tehran University of Medical Sciences;Iran;3;367;567;218;771;899;812;871;44,18;2015;796;1730
908;Teikyo University;Japan;70;367;567;218;966;767;812;803;44,12;2015;850;1731
86;Tel Aviv University;Israel;3;77;107;50;98;117;136;39;51,75;2015;154;1732
381;Temple University;USA;133;272;553;218;326;349;511;211;45,29;2015;349;1733
616;Texas A&M Health Science Center;USA;183;367;567;218;672;440;645;336;44,49;2015;558;1734
102;Texas A&M University, College Station;USA;56;339;108;46;77;98;88;201;50,43;2015;143;1735
469;Texas Tech University (TTU);USA;152;367;184;218;455;618;287;809;44,87;2015;511;1736
832;The Catholic University of America;USA;216;367;407;218;947;596;511;674;44,20;2015;809;1737
957;Third Military Medical University;China;71;367;567;218;737;809;645;721;44,07;2015;932;1738
254;Thomas Jefferson University;USA;97;158;567;218;333;334;161;502;46,47;2015;179;1739
976;Tianjin Medical University;China;76;367;567;218;885;857;812;839;44,05;2015;946;1740
331;Tianjin University;China;12;367;77;218;348;934;428;245;45,61;2015;606;1741
689;Tilburg University;Netherlands;13;367;289;218;566;878;428;871;44,37;2015;732;1742
727;Toho University;Japan;46;367;567;159;836;824;812;787;44,33;2015;699;1743
73;Tohoku University;Japan;6;41;170;218;68;127;115;22;52,57;2015;119;1744
622;Tokai University;Japan;37;367;567;218;721;644;645;448;44,48;2015;540;1745
109;Tokyo Institute of Technology;Japan;8;170;50;128;169;169;136;52;50,13;2015;190;1746
392;Tokyo Medical and Dental University;Japan;15;367;567;218;473;352;645;272;45,20;2015;335;1747
501;Tokyo Metropolitan University;Japan;25;367;415;218;593;460;321;574;44,78;2015;413;1748
624;Tokyo University of Agriculture and Technology;Japan;38;367;567;218;641;756;511;264;44,47;2015;606;1749
481;Tokyo University of Science;Japan;23;367;567;218;530;530;428;191;44,84;2015;457;1750
555;Tokyo Women's Medical University;Japan;32;367;567;218;787;594;511;362;44,61;2015;480;1751
420;Tongji University;China;20;153;115;218;346;480;645;373;45,10;2015;671;1752
736;Tottori University;Japan;49;367;343;218;908;721;511;390;44,32;2015;741;1753
910;Trent University;Canada;31;367;509;218;923;777;511;782;44,12;2015;867;1754
185;Trinity College, Dublin;Ireland;1;338;78;200;289;233;115;153;47,73;2015;204;1755
78;Tsinghua University;China;2;309;73;218;63;158;65;30;52,21;2015;156;1756
95;Tufts University;USA;54;60;48;182;166;160;93;84;51,22;2015;85;1757
272;Tulane University;USA;105;324;144;218;365;299;264;258;46,31;2015;251;1758
973;Ulsan National Institute of Science and Technology;South Korea;36;367;567;218;880;912;645;349;44,06;2015;984;1759
287;Ume? University;Sweden;7;367;567;218;275;198;212;871;46,14;2015;219;1760
664;UNESP, S?o Paulo State University;Brazil;7;367;567;218;356;613;511;627;44,41;2015;671;1761
950;United Arab Emirates University;United Arab Emirates;1;367;521;218;994;851;812;689;44,08;2015;906;1762
612;Universidade Nova de Lisboa;Portugal;5;367;567;218;506;477;645;590;44,49;2015;540;1763
231;Universit? catholique de Louvain;Belgium;4;367;264;97;283;325;115;236;46,89;2015;213;1764
730;Universit? de Namur;Belgium;8;164;464;218;881;700;645;716;44,32;2015;699;1765
163;Universit? libre de Bruxelles;Belgium;3;173;110;69;236;214;101;148;48,28;2015;170;1766
388;University at Albany, SUNY;USA;134;180;567;165;411;374;212;531;45,22;2015;353;1767
273;University at Buffalo, The State University of New York;USA;106;367;398;218;203;298;287;237;46,30;2015;235;1768
436;University College Cork;Ireland;3;367;430;218;426;431;368;195;45,03;2015;402;1769
238;University College Dublin;Ireland;2;241;112;218;288;285;128;278;46,79;2015;247;1770
27;University College London;United Kingdom;3;21;447;27;12;22;15;67;62,27;2015;18;1771
699;University Fran?ois Rabelais, Tours;France;31;201;567;218;667;499;812;703;44,37;2015;637;1772
562;University Lille 1: Sciences and Technologies;France;24;367;567;218;414;400;368;546;44,60;2015;511;1773
999;University of A Coru?a;Spain;40;367;567;218;886;974;812;651;44,02;2015;975;1774
285;University of Aberdeen;United Kingdom;26;360;314;199;273;207;287;422;46,17;2015;225;1775
335;University of Adelaide;Australia;8;219;445;218;234;243;287;465;45,58;2015;318;1776
543;University of Akron;USA;165;367;400;218;656;653;645;166;44,65;2015;606;1777
409;University of Alabama - Tuscaloosa;USA;138;325;140;218;511;490;368;314;45,14;2015;471;1778
146;University of Alabama at Birmingham;USA;70;367;567;218;141;124;128;130;48,79;2015;71;1779
752;University of Alabama in Huntsville;USA;204;367;567;218;921;432;645;805;44,30;2015;659;1780
591;University of Alaska Fairbanks;USA;176;367;420;218;642;373;511;792;44,53;2015;520;1781
107;University of Alberta;Canada;4;169;151;153;62;109;82;116;50,25;2015;103;1782
849;University of Alcal?;Spain;32;367;567;218;746;657;812;608;44,18;2015;796;1783
681;University of Alicante;Spain;22;367;567;218;666;779;812;262;44,38;2015;686;1784
940;University of Almer?a;Spain;38;367;567;218;967;974;812;681;44,09;2015;896;1785
114;University of Amsterdam;Netherlands;5;109;317;212;70;88;93;282;49,83;2015;60;1786
859;University of Angers;France;42;367;567;218;840;801;812;550;44,17;2015;809;1787
312;University of Antwerp;Belgium;6;367;567;218;265;307;234;372;45,84;2015;265;1788
68;University of Arizona;USA;42;139;55;87;74;39;31;235;53,26;2015;49;1789
550;University of Arkansas - Fayetteville;USA;168;204;345;218;517;571;645;409;44,62;2015;520;1790
429;University of Arkansas for Medical Sciences;USA;143;367;567;218;501;565;812;340;45,08;2015;344;1791
266;University of Auckland;New Zealand;1;235;419;218;253;260;234;125;46,38;2015;256;1792
739;University of Augsburg;Germany;48;367;567;218;816;684;812;792;44,31;2015;646;1793
557;University of Aveiro;Portugal;4;367;567;218;413;680;511;212;44,61;2015;590;1794
116;University of Barcelona;Spain;1;367;226;218;61;108;93;215;49,79;2015;83;1795
377;University of Bari Aldo Moro;Italy;16;367;567;218;352;322;511;527;45,31;2015;313;1796
160;University of Basel;Switzerland;5;83;363;60;167;100;136;486;48,48;2015;130;1797
922;University of Basilicata;Italy;47;367;567;218;940;900;645;871;44,12;2015;867;1798
405;University of Bath;United Kingdom;34;367;368;218;388;378;287;478;45,14;2015;353;1799
520;University of Bayreuth;Germany;42;367;567;218;457;331;321;603;44,71;2015;447;1800
726;University of Belgrade;Serbia;1;276;567;218;422;694;511;824;44,33;2015;715;1801
283;University of Bergen;Norway;3;367;567;218;229;201;212;871;46,18;2015;227;1802
200;University of Bern;Switzerland;7;184;526;213;163;128;93;433;47,49;2015;159;1803
152;University of Birmingham;United Kingdom;12;65;158;205;117;165;146;170;48,70;2015;138;1804
208;University of Bologna;Italy;4;350;348;218;136;281;212;354;47,28;2015;161;1805
158;University of Bonn;Germany;8;58;249;65;153;107;146;341;48,54;2015;150;1806
299;University of Bordeaux;France;14;354;567;218;291;265;234;297;45,96;2015;251;1807
821;University of Bradford;United Kingdom;60;367;287;218;859;772;812;567;44,21;2015;886;1808
920;University of Bras?lia;Brazil;11;367;367;218;807;688;812;871;44,12;2015;921;1809
535;University of Bremen;Germany;43;367;567;218;466;289;321;515;44,68;2015;471;1810
503;University of Brescia;Italy;26;367;567;218;585;614;645;816;44,77;2015;396;1811
824;University of Brighton;United Kingdom;61;367;567;218;854;829;812;766;44,21;2015;754;1812
123;University of Bristol;United Kingdom;8;194;196;74;92;69;82;335;49,59;2015;106;1813
62;University of British Columbia;Canada;3;81;275;93;26;36;37;81;53,92;2015;34;1814
986;University of Bucharest;Romania;1;237;567;218;845;804;645;871;44,04;2015;975;1815
367;University of Buenos Aires;Argentina;1;126;500;180;276;350;321;871;45,37;2015;344;1816
654;University of Burgundy;France;28;224;567;218;513;527;812;774;44,42;2015;590;1817
930;University of C?diz;Spain;36;367;567;218;850;816;812;311;44,10;2015;969;1818
797;University of Caen Lower Normandy;France;38;207;567;218;637;768;812;787;44,25;2015;754;1819
570;University of Cagliari;Italy;30;367;567;218;518;567;511;623;44,59;2015;486;1820
745;University of Calabria;Italy;41;367;567;218;583;890;428;700;44,31;2015;686;1821
891;University of Calcutta;India;14;140;346;209;964;900;645;424;44,14;2015;994;1822
167;University of Calgary;Canada;8;367;123;218;145;180;101;778;48,23;2015;127;1823
7;University of California, Berkeley;USA;5;5;21;6;10;4;4;29;92,25;2015;7;1824
53;University of California, Davis;USA;36;54;227;59;29;33;35;62;54,85;2015;52;1825
89;University of California, Irvine;USA;52;227;567;44;78;51;68;162;51,51;2015;54;1826
15;University of California, Los Angeles;USA;12;28;27;13;6;14;8;9;76,91;2015;6;1827
936;University of California, Merced;USA;229;367;567;218;899;540;812;491;44,09;2015;906;1828
214;University of California, Riverside;USA;89;247;567;218;209;113;161;194;47,13;2015;169;1829
21;University of California, San Diego;USA;16;36;567;19;16;5;15;17;66,59;2015;15;1830
26;University of California, San Francisco;USA;19;367;567;20;22;7;15;56;63,69;2015;11;1831
64;University of California, Santa Barbara;USA;40;133;280;29;111;59;46;77;53,63;2015;55;1832
154;University of California, Santa Cruz;USA;71;175;567;100;243;49;115;183;48,59;2015;99;1833
4;University of Cambridge;United Kingdom;1;2;10;5;11;6;12;48;96,81;2015;13;1834
919;University of Camerino;Italy;46;367;567;218;903;826;812;724;44,12;2015;867;1835
404;University of Campinas;Brazil;3;367;567;218;295;575;511;197;45,14;2015;388;1836
709;University of Cantabria;Spain;25;367;523;218;603;587;428;571;44,35;2015;646;1837
533;University of Canterbury;New Zealand;3;190;195;218;569;437;428;871;44,68;2015;606;1838
248;University of Cape Town;South Africa;2;104;126;146;319;236;234;268;46,58;2015;265;1839
738;University of Castilla–La Mancha;Spain;27;367;567;218;627;751;812;519;44,31;2015;671;1840
531;University of Catania;Italy;28;213;567;218;438;693;428;853;44,69;2015;457;1841
394;University of Central Florida;USA;135;367;501;218;381;386;511;159;45,18;2015;381;1842
938;University of Central Lancashire;United Kingdom;65;367;494;218;946;603;511;749;44,09;2015;906;1843
980;University of Chemistry and Technology, Prague;Czech Republic;5;367;567;218;991;868;812;778;44,05;2015;946;1844
8;University of Chicago;USA;6;11;14;8;17;16;12;141;90,70;2015;22;1845
425;University of Chile;Chile;2;242;173;218;418;351;645;489;45,08;2015;424;1846
157;University of Cincinnati;USA;72;188;86;218;150;171;128;263;48,56;2015;127;1847
507;University of Coimbra;Portugal;3;359;567;218;415;423;645;459;44,75;2015;424;1848
197;University of Cologne;Germany;12;367;132;201;204;138;146;421;47,52;2015;161;1849
54;University of Colorado Boulder;USA;37;80;67;31;96;38;45;133;54,62;2015;74;1850
127;University of Colorado Denver;USA;63;367;567;140;135;110;128;72;49,48;2015;66;1851
805;University of Concepci?n;Chile;3;367;567;218;712;451;812;505;44,23;2015;754;1852
218;University of Connecticut;USA;90;296;259;218;168;193;197;186;47,06;2015;190;1853
74;University of Copenhagen;Denmark;1;117;149;64;38;31;59;432;52,51;2015;31;1854
734;University of C?rdoba (Spain);Spain;26;367;567;218;632;725;812;633;44,32;2015;659;1855
515;University of Crete;Greece;3;367;567;218;491;518;511;871;44,72;2015;420;1856
928;University of Cyprus;Cyprus;1;367;567;218;820;896;645;816;44,10;2015;886;1857
445;University of Dayton;USA;147;348;90;218;988;818;511;675;44,99;2015;781;1858
667;University of Debrecen;Hungary;3;367;567;218;687;621;428;499;44,40;2015;590;1859
281;University of Delaware;USA;109;318;337;135;272;304;234;120;46,21;2015;292;1860
379;University of Delhi;India;2;240;72;218;703;763;812;797;45,30;2015;796;1861
428;University of Denver;USA;142;312;101;218;901;522;511;760;45,08;2015;590;1862
288;University of Duisburg-Essen;Germany;23;367;498;218;287;282;321;348;46,13;2015;216;1863
242;University of Dundee;United Kingdom;20;178;567;218;354;200;161;216;46,68;2015;176;1864
251;University of D?sseldorf;Germany;21;185;567;218;297;209;182;454;46,54;2015;178;1865
336;University of East Anglia;United Kingdom;31;206;567;179;349;211;146;500;45,58;2015;313;1866
366;University of Eastern Finland;Finland;2;367;567;218;374;388;321;861;45,37;2015;300;1867
630;"University of Eastern Piedmont ""Amedeo Avogadro""";Italy;33;367;567;218;693;623;645;739;44,46;2015;540;1868
55;University of Edinburgh;United Kingdom;5;44;127;33;54;37;65;228;54,39;2015;43;1869
840;University of Electro-Communications;Japan;63;161;567;218;857;833;645;332;44,19;2015;906;1870
783;University of Electronic Science and Technology of China;China;45;367;308;218;529;912;812;552;44,26;2015;837;1871
204;University of Erlangen-Nuremberg;Germany;13;231;554;218;176;202;146;361;47,36;2015;134;1872
632;University of Essex;United Kingdom;48;119;358;218;694;695;511;871;44,45;2015;671;1873
750;University of ?vry Val d'Essonne;France;34;367;567;218;996;368;645;871;44,30;2015;659;1874
333;University of Exeter;United Kingdom;30;264;481;218;293;174;428;353;45,59;2015;295;1875
872;University of Extremadura;Spain;33;367;567;218;766;958;812;630;44,16;2015;826;1876
369;University of Ferrara;Italy;15;367;567;218;416;392;287;656;45,36;2015;300;1877
247;University of Florence;Italy;6;327;326;94;218;275;197;564;46,58;2015;227;1878
60;University of Florida;USA;38;214;276;96;37;73;46;5;54,18;2015;59;1879
816;University of Franche-Comt?;France;39;302;567;218;743;814;511;583;44,22;2015;770;1880
573;University of Fribourg;Switzerland;8;232;252;218;734;428;428;787;44,58;2015;579;1881
900;University of Fukui;Japan;68;367;567;218;950;797;812;610;44,13;2015;850;1882
92;University of Geneva;Switzerland;3;35;191;42;122;77;115;321;51,46;2015;79;1883
330;University of Genoa;Italy;12;367;567;218;299;402;234;537;45,61;2015;285;1884
198;University of Georgia;USA;86;93;188;172;181;132;234;82;47,50;2015;256;1885
673;University of Girona;Spain;21;367;567;218;662;843;645;756;44,40;2015;579;1886
128;University of Glasgow;United Kingdom;9;234;89;218;123;144;82;402;49,45;2015;87;1887
237;University of Gothenburg;Sweden;6;257;294;116;217;197;136;871;46,79;2015;197;1888
177;University of G?ttingen;Germany;11;43;171;176;174;146;264;299;47,98;2015;184;1889
431;University of Granada;Spain;11;367;567;218;303;449;321;190;45,06;2015;424;1890
584;University of Graz;Austria;7;349;453;204;571;547;812;600;44,54;2015;511;1891
785;University of Greifswald;Germany;49;367;567;211;714;487;812;476;44,26;2015;732;1892
110;University of Groningen;Netherlands;4;313;193;196;64;96;68;316;50,10;2015;67;1893
368;University of Guelph;Canada;18;367;483;218;325;277;146;445;45,36;2015;344;1894
700;University of Haifa;Israel;7;367;372;218;535;479;812;503;44,36;2015;686;1895
162;University of Hamburg;Germany;9;314;136;135;147;126;101;677;48,31;2015;127;1896
492;University of Hanover;Germany;39;367;485;218;434;507;368;250;44,80;2015;457;1897
488;University of Hawaii at Manoa;USA;156;367;435;153;448;213;368;490;44,82;2015;457;1898
111;University of Helsinki;Finland;1;56;551;111;80;79;88;420;50,04;2015;65;1899
604;University of Hertfordshire;United Kingdom;46;367;567;218;792;396;511;839;44,51;2015;511;1900
793;University of Hohenheim;Germany;51;367;567;218;767;691;645;782;44,25;2015;715;1901
170;University of Hong Kong;Hong Kong;1;287;128;218;139;204;128;205;48,15;2015;147;1902
184;University of Houston;USA;80;367;42;218;310;257;511;156;47,83;2015;349;1903
506;University of Hull;United Kingdom;38;305;253;162;602;557;511;524;44,75;2015;511;1904
925;University of Hyderabad;India;16;367;567;218;879;910;812;871;44,11;2015;880;1905
763;University of Hyogo;Japan;53;367;567;218;813;475;511;787;44,28;2015;686;1906
461;University of Iceland;Iceland;1;367;567;218;612;295;321;839;44,91;2015;369;1907
655;University of Idaho;USA;190;367;567;218;664;417;511;469;44,42;2015;579;1908
203;University of Illinois at Chicago;USA;88;367;541;218;126;196;287;129;47,39;2015;179;1909
33;University of Illinois at Urbana–Champaign;USA;24;33;75;21;40;48;42;65;59,94;2015;74;1910
347;University of Innsbruck;Austria;3;197;397;112;430;222;287;442;45,51;2015;311;1911
676;University of Insubria;Italy;36;367;567;218;705;564;645;871;44,39;2015;579;1912
582;University of Ioannina;Greece;4;367;567;218;597;836;645;871;44,55;2015;495;1913
141;University of Iowa;USA;67;233;296;167;103;83;115;121;49,01;2015;112;1914
935;University of Ja?n;Spain;37;367;567;218;920;871;645;563;44,09;2015;896;1915
328;University of Jena;Germany;29;367;567;218;260;263;321;457;45,64;2015;289;1916
671;University of Jyv?skyl?;Finland;8;367;525;218;456;443;812;805;44,40;2015;622;1917
196;University of Kansas;USA;85;228;91;218;212;161;161;127;47,52;2015;235;1918
692;University of Kent;United Kingdom;51;367;433;218;625;458;511;861;44,37;2015;637;1919
267;University of Kentucky;USA;103;332;290;218;182;216;321;447;46,37;2015;231;1920
215;University of Kiel;Germany;17;193;487;198;232;183;161;310;47,11;2015;143;1921
490;University of Konstanz;Germany;38;367;567;218;475;337;368;614;44,81;2015;402;1922
478;University of KwaZulu-Natal;South Africa;4;367;148;218;562;397;368;539;44,85;2015;579;1923
603;University of La Laguna;Spain;17;367;567;218;514;336;645;661;44,51;2015;529;1924
680;University of L'Aquila;Italy;37;367;567;218;655;678;645;871;44,38;2015;590;1925
186;University of Lausanne;Switzerland;6;102;423;218;235;101;115;683;47,73;2015;117;1926
161;University of Leeds;United Kingdom;13;62;157;218;133;141;136;265;48,41;2015;150;1927
240;University of Leicester;United Kingdom;19;367;567;218;258;139;197;385;46,72;2015;170;1928
917;University of Lethbridge;Canada;32;367;567;218;957;718;511;853;44,12;2015;867;1929
321;University of Li?ge;Belgium;7;143;567;144;317;218;234;285;45,73;2015;300;1930
981;University of Limerick;Ireland;8;367;529;218;892;863;812;516;44,05;2015;969;1931
257;University of Lisbon;Portugal;1;337;465;152;155;296;197;495;46,43;2015;251;1932
199;University of Liverpool;United Kingdom;15;176;179;207;154;172;128;377;47,49;2015;174;1933
504;University of Ljubljana;Slovenia;1;367;567;218;341;415;321;507;44,77;2015;457;1934
894;University of Lleida;Spain;34;367;567;218;883;850;812;809;44,14;2015;837;1935
385;University of Lorraine;France;16;216;213;190;311;342;321;208;45,25;2015;437;1936
652;University of Los Andes (Colombia);Colombia;1;367;189;218;898;561;428;749;44,43;2015;837;1937
298;University of Louisville;USA;114;367;484;218;338;405;368;105;45,97;2015;300;1938
552;University of L?beck;Germany;45;367;567;218;649;394;812;629;44,62;2015;457;1939
668;University of Maine, Orono;USA;194;345;567;218;788;427;368;346;44,40;2015;637;1940
693;University of M?laga;Spain;24;367;567;218;660;830;645;203;44,37;2015;781;1941
498;University of Malaya;Malaysia;2;367;138;218;572;877;428;274;44,79;2015;741;1942
67;University of Manchester;United Kingdom;6;99;92;72;43;70;29;142;53,38;2015;53;1943
222;University of Manitoba;Canada;10;157;93;155;261;308;212;175;47,04;2015;256;1944
902;University of Mannheim;Germany;55;367;518;218;916;903;428;871;44,13;2015;867;1945
346;University of Marburg;Germany;31;304;567;217;329;249;428;271;45,51;2015;300;1946
820;University of Maribor;Slovenia;2;367;567;218;853;820;511;752;44,21;2015;754;1947
175;University of Maryland, Baltimore;USA;77;367;567;218;125;112;197;180;48,05;2015;116;1948
493;University of Maryland, Baltimore County;USA;158;367;567;218;587;391;428;423;44,80;2015;402;1949
72;University of Maryland, College Park;USA;45;68;210;43;58;47;39;280;52,72;2015;67;1950
219;University of Massachusetts Amherst;USA;91;212;141;159;198;191;212;356;47,05;2015;200;1951
825;University of Massachusetts Boston;USA;215;367;429;218;846;698;428;824;44,21;2015;796;1952
884;University of Massachusetts Lowell;USA;222;367;528;218;936;943;321;304;44,15;2015;946;1953
183;University of Massachusetts Medical School;USA;79;367;567;80;296;76;234;143;47,85;2015;122;1954
93;University of Melbourne;Australia;2;141;113;218;42;68;53;223;51,34;2015;71;1955
746;University of Memphis;USA;202;367;382;218;782;640;511;394;44,30;2015;741;1956
690;University of Messina;Italy;38;367;567;218;608;803;812;871;44,37;2015;606;1957
137;University of Miami;USA;64;367;241;218;159;130;82;73;49,09;2015;112;1958
19;University of Michigan, Ann Arbor;USA;15;24;17;140;3;20;6;12;68,36;2015;14;1959
172;University of Milan;Italy;3;162;441;182;118;189;212;438;48,07;2015;106;1960
382;University of Milan - Bicocca;Italy;17;367;567;218;390;305;287;468;45,28;2015;324;1961
629;University of Minho;Portugal;6;367;567;218;588;652;287;363;44,46;2015;606;1962
48;University of Minnesota, Twin Cities;USA;31;63;130;63;23;40;31;59;55,51;2015;28;1963
522;University of Mississippi - Oxford Campus;USA;164;367;567;218;508;851;428;611;44,70;2015;424;1964
754;University of Mississippi Medical Center;USA;205;367;567;218;775;504;511;871;44,29;2015;671;1965
194;University of Missouri–Columbia;USA;84;250;88;98;222;226;161;150;47,59;2015;242;1966
554;University of Missouri–Kansas City;USA;169;311;480;218;634;447;645;687;44,61;2015;471;1967
748;University of Missouri–St, Louis;USA;203;367;371;218;897;524;428;634;44,30;2015;715;1968
839;University of Miyazaki;Japan;62;290;567;218;952;692;645;393;44,19;2015;826;1969
432;University of Modena and Reggio Emilia;Italy;22;367;567;218;435;474;368;709;45,04;2015;349;1970
741;University of Mons;Belgium;10;367;567;218;812;793;645;517;44,31;2015;659;1971
585;University of Montana - Missoula;USA;174;353;567;218;713;315;428;702;44,54;2015;503;1972
224;University of Montpellier;France;12;289;462;169;165;129;146;511;47,00;2015;184;1973
151;University of Montreal;Canada;7;320;376;218;101;111;101;540;48,72;2015;90;1974
205;University of M?nster;Germany;14;113;421;174;170;192;136;192;47,34;2015;174;1975
799;University of Murcia;Spain;29;367;567;218;541;703;428;479;44,24;2015;781;1976
539;University of Nantes;France;22;367;567;218;483;420;511;579;44,67;2015;447;1977
268;University of Naples Federico II;Italy;7;331;459;218;175;324;234;792;46,36;2015;227;1978
743;University of Natural Resources and Life Sciences, Vienna;Austria;10;367;567;218;778;627;511;611;44,31;2015;659;1979
338;University of Navarra;Spain;6;367;76;218;578;722;511;645;45,56;2015;503;1980
399;University of Nebraska Medical Center;USA;136;367;567;218;463;399;368;253;45,16;2015;344;1981
489;University of Nebraska Omaha;USA;157;367;365;218;704;606;428;871;44,81;2015;396;1982
314;University of Nebraska–Lincoln;USA;117;165;207;218;278;262;234;456;45,80;2015;311;1983
758;University of Neuch?tel;Switzerland;9;352;567;218;863;635;812;640;44,29;2015;671;1984
687;University of Nevada, Las Vegas;USA;195;367;448;218;640;473;812;861;44,38;2015;622;1985
454;University of Nevada, Reno;USA;148;367;364;218;542;382;264;708;44,93;2015;381;1986
870;University of New Brunswick;Canada;29;367;354;218;777;802;812;591;44,16;2015;886;1987
811;University of New England (Australia);Australia;22;367;251;218;938;634;511;797;44,22;2015;932;1988
359;University of New Hampshire;USA;126;367;318;79;531;273;234;596;45,42;2015;362;1989
181;University of New Mexico;USA;78;367;567;218;223;170;82;100;47,95;2015;147;1990
609;University of New Orleans;USA;182;367;567;218;944;840;428;871;44,50;2015;511;1991
130;University of New South Wales;Australia;4;177;70;218;90;177;101;157;49,33;2015;164;1992
494;University of Newcastle;Australia;11;367;567;218;408;496;812;322;44,79;2015;424;1993
505;University of Nice Sophia Antipolis;France;21;266;567;218;451;259;511;513;44,75;2015;424;1994
40;University of North Carolina at Chapel Hill;USA;25;124;69;86;32;32;19;41;57,09;2015;21;1995
794;University of North Carolina at Charlotte;USA;212;367;310;218;741;662;511;593;44,25;2015;826;1996
897;University of North Carolina at Greensboro;USA;224;367;567;218;899;825;645;575;44,13;2015;850;1997
913;University of North Dakota;USA;227;367;567;218;917;731;812;606;44,12;2015;867;1998
778;University of North Texas, Denton;USA;209;367;567;218;675;636;645;554;44,27;2015;715;1999
77;University of Notre Dame;USA;47;221;24;155;242;242;182;352;52,27;2015;235;2000
140;University of Nottingham;United Kingdom;10;131;109;84;116;176;146;138;49,02;2015;140;2001
350;University of Oklahoma - Norman Campus;USA;123;367;150;218;383;240;234;474;45,49;2015;362;2002
476;University of Oklahoma Health Sciences Center;USA;153;367;567;218;580;461;511;482;44,86;2015;375;2003
801;University of Oldenburg;Germany;52;367;567;218;729;619;645;816;44,24;2015;732;2004
339;University of Oregon;USA;122;346;567;218;378;217;161;729;45,55;2015;295;2005
879;University of Orl?ans;France;43;367;524;218;754;495;645;839;44,15;2015;837;2006
99;University of Oslo;Norway;1;53;286;40;106;134;101;302;50,81;2015;102;2007
876;University of Osnabr?ck;Germany;54;367;567;218;844;654;511;871;44,15;2015;826;2008
357;University of Otago;New Zealand;2;367;377;218;312;353;287;542;45,44;2015;313;2009
193;University of Ottawa;Canada;9;223;163;218;171;194;212;496;47,60;2015;134;2010
447;University of Oulu;Finland;6;275;369;218;432;344;368;521;44,96;2015;375;2011
559;University of Oviedo;Spain;16;367;539;218;440;445;428;579;44,61;2015;495;2012
5;University of Oxford;United Kingdom;2;7;13;10;7;12;7;15;96,46;2015;9;2013
169;University of Padua;Italy;2;281;567;218;99;105;182;351;48,17;2015;119;2014
528;University of Palermo;Italy;27;367;567;218;452;545;812;559;44,70;2015;437;2015
672;University of Paris 13;France;29;367;567;218;669;744;645;700;44,40;2015;579;2016
58;University of Paris-Sud;France;3;26;393;26;73;86;115;324;54,21;2015;97;2017
456;University of Parma;Italy;24;367;356;218;438;463;368;741;44,92;2015;381;2018
641;University of Patras;Greece;5;367;567;218;510;704;511;731;44,44;2015;565;2019
989;University of Pau and Pays de l'Adour;France;49;367;567;218;980;991;812;809;44,04;2015;958;2020
327;University of Pavia;Italy;10;295;380;214;330;381;264;680;45,64;2015;273;2021
892;University of P?cs;Hungary;6;367;567;218;962;812;812;501;44,14;2015;850;2022
14;University of Pennsylvania;USA;11;20;4;28;8;18;14;14;77,60;2015;9;2023
822;University of Perpignan Via Domitia;France;40;160;567;218;974;580;428;871;44,21;2015;826;2024
344;University of Perugia;Italy;14;367;567;116;375;332;428;642;45,53;2015;289;2025
764;University of Picardie Jules Verne;France;35;367;567;218;826;782;428;543;44,28;2015;699;2026
295;University of Pisa;Italy;8;273;473;218;227;360;212;528;46,03;2015;255;2027
46;University of Pittsburgh - Pittsburgh Campus;USA;29;79;169;218;25;57;21;50;55,63;2015;24;2028
675;University of Poitiers;France;30;255;567;148;636;470;645;754;44,39;2015;671;2029
308;University of Porto;Portugal;2;94;316;90;266;380;264;405;45,91;2015;341;2030
597;University of Portsmouth;United Kingdom;45;367;567;218;768;719;234;765;44,52;2015;540;2031
517;University of Potsdam;Germany;41;367;567;218;485;313;511;584;44,72;2015;424;2032
678;University of Pretoria;South Africa;5;367;262;218;620;513;511;604;44,39;2015;741;2033
962;University of Puerto Rico at Mayag?ez;Puerto Rico;1;367;567;218;998;793;645;871;44,06;2015;921;2034
663;University of Qu?bec at Montreal;Canada;25;367;422;218;537;534;428;871;44,41;2015;622;2035
103;University of Queensland;Australia;3;269;292;142;65;78;101;68;50,40;2015;99;2036
263;University of Reading;United Kingdom;24;258;63;218;400;347;182;666;46,40;2015;361;2037
318;University of Regensburg;Germany;28;367;303;218;302;241;287;522;45,79;2015;270;2038
836;University of Regina;Canada;27;367;567;218;851;737;645;573;44,19;2015;781;2039
978;University of Reims Champagne-Ardenne;France;48;367;567;218;967;884;645;544;44,05;2015;958;2040
475;University of Rennes 1;France;19;367;567;218;351;341;428;344;44,86;2015;420;2041
606;University of Rhode Island;USA;180;367;265;218;664;385;511;472;44,50;2015;637;2042
81;University of Rochester;USA;49;72;53;113;114;118;68;64;52,03;2015;79;2043
317;University of Rome Tor Vergata;Italy;9;367;557;218;267;272;287;816;45,79;2015;262;2044
450;University of Rostock;Germany;35;364;567;218;443;591;511;325;44,96;2015;373;2045
831;University of Rouen;France;41;362;567;218;700;722;812;414;44,20;2015;809;2046
637;University of Salamanca;Spain;18;367;491;218;544;483;511;736;44,44;2015;565;2047
765;University of Salento;Italy;43;367;567;218;661;743;511;654;44,28;2015;699;2048
703;University of Salerno;Italy;40;367;567;218;537;835;511;525;44,36;2015;646;2049
753;University of Salzburg;Austria;11;367;270;218;933;738;812;871;44,30;2015;796;2050
363;University of Santiago de Compostela;Spain;7;367;489;218;385;600;287;126;45,40;2015;373;2051
132;University of S?o Paulo;Brazil;1;297;71;218;59;186;136;710;49,31;2015;164;2052
455;University of Saskatchewan;Canada;20;336;278;218;335;442;287;427;44,92;2015;457;2053
817;University of Sassari;Italy;45;367;567;218;758;592;812;805;44,21;2015;754;2054
499;University of Savoy;France;20;367;567;218;490;435;428;731;44,79;2015;402;2055
530;University of Science and Technology Beijing;China;29;367;121;218;542;937;511;408;44,70;2015;886;2056
239;University of Science and Technology of China;China;6;367;192;218;128;269;368;452;46,73;2015;247;2057
482;University of Science, Malaysia;Malaysia;1;367;567;218;669;888;428;94;44,84;2015;809;2058
860;University of Seoul;South Korea;30;367;567;218;989;907;645;259;44,17;2015;921;2059
398;University of Seville;Spain;10;367;564;218;339;516;428;104;45,17;2015;529;2060
173;University of Sheffield;United Kingdom;14;142;209;196;129;137;136;179;48,07;2015;147;2061
502;University of Sherbrooke;Canada;21;367;567;218;454;421;321;853;44,77;2015;413;2062
857;University of Siegen;Germany;53;367;532;218;870;732;428;769;44,17;2015;809;2063
446;University of Siena;Italy;23;367;482;218;420;365;287;712;44,98;2015;369;2064
964;University of Silesia;Poland;9;367;567;218;867;864;511;871;44,06;2015;932;2065
844;University of South Alabama;USA;219;367;567;218;979;784;812;464;44,19;2015;796;2066
751;University of South Australia;Australia;21;367;324;218;604;746;812;431;44,30;2015;781;2067
300;University of South Carolina - Columbia;USA;115;367;299;185;262;367;146;649;45,95;2015;273;2068
190;University of South Florida - Tampa;USA;83;367;418;218;233;251;197;70;47,66;2015;164;2069
148;University of Southampton;United Kingdom;11;329;95;218;115;133;101;334;48,77;2015;130;2070
51;University of Southern California;USA;34;152;62;39;57;64;101;34;55,12;2015;56;2071
356;University of Southern Denmark;Denmark;4;367;567;218;386;327;321;320;45,46;2015;295;2072
901;University of Southern Mississippi;USA;225;367;567;218;913;853;812;676;44,13;2015;850;2073
309;University of St Andrews;United Kingdom;28;145;506;218;308;188;321;189;45,89;2015;281;2074
784;University of Stirling;United Kingdom;58;367;357;218;772;707;812;871;44,26;2015;754;2075
182;University of Strasbourg;France;7;71;567;49;191;145;264;269;47,89;2015;219;2076
453;University of Strathclyde;United Kingdom;36;367;216;218;389;467;368;305;44,94;2015;486;2077
316;University of Stuttgart;Germany;27;82;172;218;399;369;511;376;45,79;2015;335;2078
525;University of Surrey;United Kingdom;39;217;295;218;419;553;428;300;44,70;2015;549;2079
253;University of Sussex;United Kingdom;22;151;257;57;359;250;161;553;46,49;2015;308;2080
88;University of Sydney;Australia;1;105;198;166;45;103;46;75;51,61;2015;84;2081
731;University of Szeged;Hungary;4;367;567;205;657;720;812;532;44,32;2015;659;2082
442;University of Tampere;Finland;5;367;297;218;526;439;511;679;45,02;2015;362;2083
537;University of Tartu;Estonia;1;365;567;218;586;318;368;426;44,68;2015;457;2084
523;University of Tasmania;Australia;12;367;567;218;429;261;645;727;44,70;2015;447;2085
815;University of Technology, Sydney;Australia;23;367;543;218;580;668;511;520;44,22;2015;796;2086
768;University of Tehran;Iran;2;181;567;218;489;984;812;871;44,28;2015;770;2087
227;University of Tennessee, Knoxville;USA;92;319;117;218;196;187;197;449;46,96;2015;219;2088
626;University of Texas at Arlington;USA;185;367;567;218;492;532;511;462;44,47;2015;565;2089
30;University of Texas at Austin;USA;22;75;36;25;48;50;26;38;61,14;2015;71;2090
139;University of Texas at Dallas;USA;66;367;159;218;250;151;59;313;49,05;2015;49;2091
929;University of Texas at El Paso;USA;228;367;442;218;910;838;812;706;44,10;2015;906;2092
291;University of Texas at San Antonio;USA;112;367;567;218;445;376;197;254;46,10;2015;216;2093
249;University of Texas Health Science Center at Houston;USA;95;367;567;155;257;162;212;337;46,56;2015;190;2094
234;University of Texas Health Science Center at San Antonio;USA;94;367;567;218;314;229;197;315;46,88;2015;140;2095
90;University of Texas MD Anderson Cancer Center;USA;53;367;567;80;93;72;42;71;51,51;2015;29;2096
378;University of Texas Medical Branch at Galveston;USA;131;367;567;218;401;311;321;333;45,30;2015;324;2097
75;University of Texas Southwestern Medical Center;USA;46;59;567;35;131;30;78;173;52,50;2015;40;2098
996;University of the Algarve;Portugal;7;367;567;218;926;845;812;816;44,03;2015;969;2099
660;University of the Balearic Islands;Spain;20;367;567;218;629;558;428;503;44,41;2015;590;2100
485;University of the Basque Country;Spain;15;367;567;218;318;387;511;266;44,83;2015;480;2101
867;University of the Republic (Uruguay);Uruguay;1;367;567;218;814;669;812;871;44,16;2015;809;2102
855;University of the Ryukyus;Japan;64;367;567;218;922;663;645;618;44,18;2015;796;2103
149;University of the Witwatersrand;South Africa;1;61;32;172;442;237;321;291;48,75;2015;447;2104
905;University of Thessaly;Greece;7;367;567;218;875;984;812;871;44,13;2015;850;2105
512;University of Tokushima;Japan;26;107;567;218;643;453;645;247;44,73;2015;529;2106
13;University of Tokyo;Japan;1;16;3;38;14;19;31;7;78,23;2015;29;2107
592;University of Toledo;USA;177;367;567;218;618;555;812;220;44,53;2015;606;2108
32;University of Toronto;Canada;1;70;51;32;2;17;9;145;60,04;2015;8;2109
666;University of Toyama;Japan;42;367;307;218;685;760;645;871;44,41;2015;646;2110
561;University of Trento;Italy;29;367;567;218;488;556;368;861;44,61;2015;486;2111
342;University of Trieste;Italy;13;367;443;218;395;286;287;616;45,54;2015;281;2112
527;University of Troms? - The Arctic University of Norway;Norway;4;367;567;218;493;407;287;824;44,70;2015;447;2113
262;University of Tsukuba;Japan;12;202;567;107;230;255;212;213;46,41;2015;242;2114
156;University of T?bingen;Germany;7;69;490;103;142;122;146;226;48,56;2015;115;2115
221;University of Turin;Italy;5;315;450;163;206;278;197;613;47,04;2015;150;2116
383;University of Turku;Finland;3;367;531;218;320;319;812;568;45,27;2015;330;2117
408;University of Twente;Netherlands;12;367;511;218;343;511;368;288;45,14;2015;358;2118
500;University of Udine;Italy;25;367;567;218;600;390;511;634;44,78;2015;396;2119
278;University of Ulm;Germany;22;367;471;131;290;231;321;594;46,24;2015;209;2120
495;University of Ulsan;South Korea;17;367;436;218;421;599;645;370;44,79;2015;424;2121
683;University of Ulster;United Kingdom;50;367;567;218;747;808;321;240;44,38;2015;732;2122
70;University of Utah;USA;44;97;105;67;97;65;101;19;52,89;2015;90;2123
294;University of Valencia;Spain;4;367;470;218;208;348;264;548;46,03;2015;256;2124
966;University of Valenciennes and Hainaut-Cambresis;France;47;367;567;218;866;950;645;871;44,06;2015;932;2125
841;University of Valladolid;Spain;31;367;454;218;691;888;812;407;44,19;2015;850;2126
324;University of Vermont;USA;119;198;256;218;357;288;368;397;45,70;2015;285;2127
411;University of Verona;Italy;21;367;567;218;508;464;212;736;45,13;2015;341;2128
848;University of Veterinary Medicine Vienna;Austria;12;367;567;184;872;687;511;654;44,19;2015;809;2129
352;University of Victoria;Canada;16;367;567;218;321;328;234;853;45,48;2015;300;2130
223;University of Vienna;Austria;1;191;185;101;231;154;161;671;47,03;2015;200;2131
686;University of Vigo;Spain;23;367;567;218;577;822;428;621;44,38;2015;622;2132
41;University of Virginia;USA;26;209;20;126;94;74;88;97;56,73;2015;90;2133
937;University of Waikato;New Zealand;6;367;474;218;945;870;511;703;44,09;2015;906;2134
830;University of Wales, Trinity Saint David;United Kingdom;62;367;567;218;1000;927;645;871;44,20;2015;754;2135
462;University of Warsaw;Poland;2;118;562;150;409;462;428;716;44,91;2015;437;2136
293;University of Warwick;United Kingdom;27;210;444;116;205;239;161;234;46,05;2015;308;2137
31;University of Washington - Seattle;USA;23;48;103;41;9;10;10;40;60,61;2015;5;2138
269;University of Waterloo;Canada;12;367;124;218;190;333;234;626;46,34;2015;292;2139
216;University of Western Australia;Australia;7;156;306;145;146;181;368;399;47,10;2015;179;2140
896;University of Western Brittany;France;46;367;567;218;840;616;812;599;44,13;2015;850;2141
882;University of Western Sydney;Australia;26;367;567;218;651;551;645;647;44,15;2015;850;2142
538;University of Windsor;Canada;22;367;133;218;764;912;812;658;44,68;2015;754;2143
25;University of Wisconsin–Madison;USA;18;29;29;34;21;24;22;27;64,51;2015;27;2144
510;University of Wisconsin–Milwaukee;USA;161;229;248;218;516;491;511;871;44,74;2015;503;2145
467;University of Wollongong;Australia;10;367;269;218;431;433;428;493;44,88;2015;424;2146
921;University of Wroc?aw;Poland;7;355;567;218;736;842;645;871;44,12;2015;880;2147
466;University of Wyoming;USA;151;367;230;218;534;316;321;380;44,89;2015;457;2148
759;University of Yamanashi;Japan;51;367;567;218;869;862;645;382;44,29;2015;715;2149
325;University of York;United Kingdom;29;367;567;218;270;205;161;406;45,69;2015;300;2150
551;University of Zagreb;Croatia;1;367;567;218;553;541;428;650;44,62;2015;471;2151
484;University of Zaragoza;Spain;14;366;408;218;342;675;428;276;44,83;2015;471;2152
96;University of Zurich;Switzerland;4;115;389;85;56;46;68;137;51,14;2015;56;2153
124;Uppsala University;Sweden;3;73;321;70;95;75;93;871;49,57;2015;103;2154
566;Utah State University;USA;171;166;352;218;564;414;368;371;44,59;2015;565;2155
87;Utrecht University;Netherlands;2;84;199;115;39;44;59;429;51,74;2015;46;2156
69;Vanderbilt University;USA;43;87;94;110;55;62;59;51;53,05;2015;41;2157
371;Versailles Saint-Quentin-en-Yvelines University;France;15;367;567;218;443;232;264;839;45,36;2015;308;2158
588;Victoria University of Wellington;New Zealand;4;317;223;218;606;469;645;809;44,54;2015;646;2159
427;Vienna University of Technology;Austria;5;363;350;218;377;377;321;171;45,08;2015;424;2160
791;Vilnius University;Lithuania;1;340;567;218;799;642;645;684;44,25;2015;715;2161
259;Virginia Commonwealth University;USA;100;367;403;150;264;253;321;206;46,43;2015;213;2162
256;Virginia Polytechnic Institute and State University;USA;98;283;152;218;201;264;234;181;46,46;2015;285;2163
329;Vita-Salute San Raffaele University;Italy;11;367;567;218;478;279;321;871;45,61;2015;260;2164
280;Vrije Universiteit Brussel;Belgium;5;110;567;218;294;301;161;506;46,21;2015;231;2165
129;VU University Amsterdam;Netherlands;6;367;385;218;79;120;68;871;49,44;2015;79;2166
276;Wageningen University and Research Centre;Netherlands;10;293;512;175;214;168;234;477;46,26;2015;235;2167
159;Wake Forest University;USA;73;265;83;218;249;244;128;124;48,52;2015;125;2168
646;Warsaw University of Technology;Poland;3;344;545;218;696;757;287;824;44,43;2015;579;2169
38;Waseda University;Japan;4;288;8;218;406;389;368;248;58,17;2015;388;2170
380;Washington State University, Pullman;USA;132;367;301;131;334;234;428;298;45,29;2015;362;2171
52;Washington University in St, Louis;USA;35;101;96;71;41;21;29;169;55,03;2015;17;2172
189;Wayne State University;USA;82;367;183;218;189;258;125;117;47,67;2015;176;2173
39;Weizmann Institute of Science;Israel;2;19;567;22;246;63;234;45;57,17;2015;143;2174
351;Wesleyan University;USA;124;154;61;218;983;506;812;871;45,48;2015;850;2175
441;West Virginia University;USA;145;328;178;218;441;409;428;617;45,02;2015;437;2176
133;Western University (The University of Western Ontario);Canada;5;367;41;218;149;208;234;261;49,31;2015;190;2177
907;Wilfrid Laurier University;Canada;30;367;298;218;952;921;812;871;44,13;2015;969;2178
833;Wright State University - Dayton;USA;217;367;567;218;810;805;812;824;44,20;2015;770;2179
944;Wroc?aw University of Technology;Poland;8;367;409;218;798;947;645;861;44,09;2015;946;2180
415;Wuhan University;China;19;367;258;218;274;612;645;576;45,13;2015;396;2181
677;Wuhan University of Technology;China;38;367;499;218;738;931;428;763;44,39;2015;590;2182
313;Xiamen University;China;10;367;80;218;331;493;645;467;45,83;2015;409;2183
389;Xi'an Jiaotong University;China;13;367;154;218;271;583;812;174;45,21;2015;606;2184
949;Xiangtan University;China;68;367;384;218;862;935;812;778;44,08;2015;958;2185
991;Xidian University;China;81;367;542;218;830;974;812;434;44,03;2015;984;2186
11;Yale University;USA;9;10;26;11;18;8;35;49;86,61;2015;20;2187
760;Yamagata University;Japan;52;367;567;218;775;736;812;535;44,29;2015;686;2188
657;Yamaguchi University;Japan;41;367;567;218;753;787;645;202;44,42;2015;732;2189
943;Yangzhou University;China;65;367;567;218;891;873;812;871;44,09;2015;896;2190
171;Yeshiva University;USA;76;200;567;218;195;91;161;128;48,11;2015;109;2191
770;Yeungnam University;South Korea;25;367;417;218;761;974;812;231;44,27;2015;867;2192
513;Yokohama City University;Japan;27;367;231;218;685;370;645;359;44,73;2015;520;2193
518;Yokohama National University;Japan;28;88;217;135;909;865;645;440;44,72;2015;809;2194
98;Yonsei University;South Korea;2;367;45;218;140;326;321;23;51,02;2015;235;2195
337;York University;Canada;15;367;106;218;382;408;264;871;45,56;2015;388;2196
979;Yuan Ze University;Taiwan;20;367;567;218;923;984;812;871;44,05;2015;946;2197
191;Zhejiang University;China;4;367;309;218;71;290;368;106;47,66;2015;265;2198
984;Zhejiang University of Technology;China;79;367;567;218;858;991;812;672;44,04;2015;958;2199
795;Zhengzhou University;China;47;367;427;218;663;806;812;749;44,25;2015;754;2200
